userID,fullname,email,phonenumber,DOB,gender        ,userRole      ,user_password ,timeRegistered,ppid,updated_at    
1,Driscoll Suarez,driscollsuarez@gmail.com,652-9845,1979/08/03,M,U,$2y$10$54/HMen7aUmauNMLjzkA7uMCW93pccpB9nuB0FgTdubsKJbDGkfqe,2022/12/14 00:00:00,0,2022/12/14 00:00:00
2,Sheila Zamora,sheilazamora@gmail.com,529-2232,2009/05/24,F,U,$2y$10$54/HMen7aUmauNMLjzkA7uMCW93pccpB9nuB0FgTdubsKJbDGkfqe,2022/12/14 00:00:00,0,2022/12/14 00:00:00
3,Basil Ramirez,basilramirez8440@gmail.com,1-264-404-6664,1956/03/05,M,U,$2y$10$54/HMen7aUmauNMLjzkA7uMCW93pccpB9nuB0FgTdubsKJbDGkfqe,2022/12/14 00:00:00,0,2022/12/14 00:00:00
4,Slade Morin,slademorin@gmail.com,1-288-756-2630,1991/09/20,M,U,$2y$10$54/HMen7aUmauNMLjzkA7uMCW93pccpB9nuB0FgTdubsKJbDGkfqe,2022/12/14 00:00:00,0,2022/12/14 00:00:00
5,Ila Stokes,ilastokes@gmail.com,133-2714,1989/12/16,M,U,$2y$10$54/HMen7aUmauNMLjzkA7uMCW93pccpB9nuB0FgTdubsKJbDGkfqe,2022/12/14 00:00:00,0,2022/12/14 00:00:00
6,Merrill Bass,merrillbass@gmail.com,502-0201,1931/07/25,M,U,$2y$10$54/HMen7aUmauNMLjzkA7uMCW93pccpB9nuB0FgTdubsKJbDGkfqe,2022/12/14 00:00:00,0,2022/12/14 00:00:00
7,Kay Woodard,kaywoodard8651@gmail.com,537-3832,1999/10/19,F,U,$2y$10$54/HMen7aUmauNMLjzkA7uMCW93pccpB9nuB0FgTdubsKJbDGkfqe,2022/12/14 00:00:00,0,2022/12/14 00:00:00
8,Regina Carson,reginacarson@gmail.com,314-4358,1984/04/06,F,U,$2y$10$54/HMen7aUmauNMLjzkA7uMCW93pccpB9nuB0FgTdubsKJbDGkfqe,2022/12/14 00:00:00,0,2022/12/14 00:00:00
9,Avye Hunter,avyehunter7843@gmail.com,536-3777,1937/08/15,M,U,$2y$10$54/HMen7aUmauNMLjzkA7uMCW93pccpB9nuB0FgTdubsKJbDGkfqe,2022/12/14 00:00:00,0,2022/12/14 00:00:00
10,Sara Pace,sarapace@gmail.com,1-546-909-2567,1998/02/15,F,U,$2y$10$54/HMen7aUmauNMLjzkA7uMCW93pccpB9nuB0FgTdubsKJbDGkfqe,2022/12/14 00:00:00,0,2022/12/14 00:00:00
11,Cynthia Kelley,cynthiakelley524@gmail.com,457-3660,2013/11/26,M,U,$2y$10$54/HMen7aUmauNMLjzkA7uMCW93pccpB9nuB0FgTdubsKJbDGkfqe,2022/12/14 00:00:00,0,2022/12/14 00:00:00
12,Branden Golden,brandengolden@gmail.com,844-6166,1977/06/08,M,U,$2y$10$54/HMen7aUmauNMLjzkA7uMCW93pccpB9nuB0FgTdubsKJbDGkfqe,2022/12/14 00:00:00,0,2022/12/14 00:00:00
13,Eaton Kim,eatonkim@gmail.com,193-6531,2006/05/02,F,U,$2y$10$54/HMen7aUmauNMLjzkA7uMCW93pccpB9nuB0FgTdubsKJbDGkfqe,2022/12/14 00:00:00,0,2022/12/14 00:00:00
14,Summer Lloyd,summerlloyd@gmail.com,1-801-618-7889,1985/12/09,M,U,$2y$10$54/HMen7aUmauNMLjzkA7uMCW93pccpB9nuB0FgTdubsKJbDGkfqe,2022/12/14 00:00:00,0,2022/12/14 00:00:00
15,Heidi Ballard,heidiballard@gmail.com,329-4538,1995/10/02,M,U,$2y$10$54/HMen7aUmauNMLjzkA7uMCW93pccpB9nuB0FgTdubsKJbDGkfqe,2022/12/14 00:00:00,0,2022/12/14 00:00:00
16,Nell Mcdaniel,nellmcdaniel4438@gmail.com,1-677-831-1895,1955/08/01,M,U,$2y$10$54/HMen7aUmauNMLjzkA7uMCW93pccpB9nuB0FgTdubsKJbDGkfqe,2022/12/14 00:00:00,0,2022/12/14 00:00:00
17,Gillian Bernard,gillianbernard7896@gmail.com,1-631-335-6483,1962/03/10,N,U,$2y$10$54/HMen7aUmauNMLjzkA7uMCW93pccpB9nuB0FgTdubsKJbDGkfqe,2022/12/14 00:00:00,0,2022/12/14 00:00:00
18,Regan Pugh,reganpugh495@gmail.com,1-376-599-7477,1946/12/28,M,U,$2y$10$54/HMen7aUmauNMLjzkA7uMCW93pccpB9nuB0FgTdubsKJbDGkfqe,2022/12/14 00:00:00,0,2022/12/14 00:00:00
19,Judith Swanson,judithswanson806@gmail.com,1-301-267-8545,2010/04/04,F,U,$2y$10$54/HMen7aUmauNMLjzkA7uMCW93pccpB9nuB0FgTdubsKJbDGkfqe,2022/12/14 00:00:00,0,2022/12/14 00:00:00
20,Adrienne Gilmore,adriennegilmore3929@gmail.com,1-415-580-8225,2010/04/28,M,U,$2y$10$54/HMen7aUmauNMLjzkA7uMCW93pccpB9nuB0FgTdubsKJbDGkfqe,2022/12/14 00:00:00,0,2022/12/14 00:00:00
21,Benedict Hinton,benedicthinton@gmail.com,785-3223,1965/01/30,M,U,$2y$10$54/HMen7aUmauNMLjzkA7uMCW93pccpB9nuB0FgTdubsKJbDGkfqe,2022/12/14 00:00:00,0,2022/12/14 00:00:00
22,Russell Vaughn,russellvaughn5@gmail.com,1-217-346-1613,1998/03/24,M,U,$2y$10$54/HMen7aUmauNMLjzkA7uMCW93pccpB9nuB0FgTdubsKJbDGkfqe,2022/12/14 00:00:00,0,2022/12/14 00:00:00
23,Howard Coffey,howardcoffey@gmail.com,1-401-373-7405,2012/05/10,M,U,$2y$10$54/HMen7aUmauNMLjzkA7uMCW93pccpB9nuB0FgTdubsKJbDGkfqe,2022/12/14 00:00:00,0,2022/12/14 00:00:00
24,Vaughan Roth,vaughanroth9831@gmail.com,1-300-748-0896,1941/03/13,F,U,$2y$10$54/HMen7aUmauNMLjzkA7uMCW93pccpB9nuB0FgTdubsKJbDGkfqe,2022/12/14 00:00:00,0,2022/12/14 00:00:00
25,Lucian Chapman,lucianchapman@gmail.com,934-3645,1962/07/09,F,U,$2y$10$54/HMen7aUmauNMLjzkA7uMCW93pccpB9nuB0FgTdubsKJbDGkfqe,2022/12/14 00:00:00,0,2022/12/14 00:00:00
26,Tana Huber,tanahuber8041@gmail.com,377-4199,1996/07/23,M,U,$2y$10$54/HMen7aUmauNMLjzkA7uMCW93pccpB9nuB0FgTdubsKJbDGkfqe,2022/12/14 00:00:00,0,2022/12/14 00:00:00
27,Brennan Stokes,brennanstokes3510@gmail.com,1-803-716-8614,1963/08/22,F,U,$2y$10$54/HMen7aUmauNMLjzkA7uMCW93pccpB9nuB0FgTdubsKJbDGkfqe,2022/12/14 00:00:00,0,2022/12/14 00:00:00
28,Malachi Baldwin,malachibaldwin656@gmail.com,1-843-235-5152,2004/05/21,M,U,$2y$10$54/HMen7aUmauNMLjzkA7uMCW93pccpB9nuB0FgTdubsKJbDGkfqe,2022/12/14 00:00:00,0,2022/12/14 00:00:00
29,Ria Gillespie,riagillespie@gmail.com,1-713-362-6285,1930/01/02,M,U,$2y$10$54/HMen7aUmauNMLjzkA7uMCW93pccpB9nuB0FgTdubsKJbDGkfqe,2022/12/14 00:00:00,0,2022/12/14 00:00:00
30,Reagan Burch,reaganburch3324@gmail.com,115-3574,1931/10/06,F,U,$2y$10$54/HMen7aUmauNMLjzkA7uMCW93pccpB9nuB0FgTdubsKJbDGkfqe,2022/12/14 00:00:00,0,2022/12/14 00:00:00
31,Aurelia Robinson,aureliarobinson4373@gmail.com,787-6453,1954/09/17,M,U,$2y$10$54/HMen7aUmauNMLjzkA7uMCW93pccpB9nuB0FgTdubsKJbDGkfqe,2022/12/14 00:00:00,0,2022/12/14 00:00:00
32,Isabella Alford,isabellaalford@gmail.com,1-987-702-1522,2007/10/27,M,U,$2y$10$54/HMen7aUmauNMLjzkA7uMCW93pccpB9nuB0FgTdubsKJbDGkfqe,2022/12/14 00:00:00,0,2022/12/14 00:00:00
33,Geraldine Fletcher,geraldinefletcher7509@gmail.com,921-7287,1979/07/09,M,U,$2y$10$54/HMen7aUmauNMLjzkA7uMCW93pccpB9nuB0FgTdubsKJbDGkfqe,2022/12/14 00:00:00,0,2022/12/14 00:00:00
34,Davis Cleveland,daviscleveland6924@gmail.com,341-5985,1996/10/24,N,U,$2y$10$54/HMen7aUmauNMLjzkA7uMCW93pccpB9nuB0FgTdubsKJbDGkfqe,2022/12/14 00:00:00,0,2022/12/14 00:00:00
35,Jocelyn Dodson,jocelyndodson4346@gmail.com,674-8676,1989/03/28,M,U,$2y$10$54/HMen7aUmauNMLjzkA7uMCW93pccpB9nuB0FgTdubsKJbDGkfqe,2022/12/14 00:00:00,0,2022/12/14 00:00:00
36,Clementine Alford,clementinealford@gmail.com,1-253-253-9678,1960/11/03,F,U,$2y$10$54/HMen7aUmauNMLjzkA7uMCW93pccpB9nuB0FgTdubsKJbDGkfqe,2022/12/14 00:00:00,0,2022/12/14 00:00:00
37,Rylee Strickland,ryleestrickland@gmail.com,1-891-577-4248,2009/12/13,M,U,$2y$10$54/HMen7aUmauNMLjzkA7uMCW93pccpB9nuB0FgTdubsKJbDGkfqe,2022/12/14 00:00:00,0,2022/12/14 00:00:00
38,Adria Lyons,adrialyons8599@gmail.com,1-796-565-2276,1923/10/04,M,U,$2y$10$54/HMen7aUmauNMLjzkA7uMCW93pccpB9nuB0FgTdubsKJbDGkfqe,2022/12/14 00:00:00,0,2022/12/14 00:00:00
39,Reuben Craig,reubencraig6634@gmail.com,808-3065,2001/03/28,M,U,$2y$10$54/HMen7aUmauNMLjzkA7uMCW93pccpB9nuB0FgTdubsKJbDGkfqe,2022/12/14 00:00:00,0,2022/12/14 00:00:00
40,Lilah Mason,lilahmason4560@gmail.com,1-218-494-9552,1944/12/04,M,U,$2y$10$54/HMen7aUmauNMLjzkA7uMCW93pccpB9nuB0FgTdubsKJbDGkfqe,2022/12/14 00:00:00,0,2022/12/14 00:00:00
41,Chancellor Baldwin,chancellorbaldwin5026@gmail.com,1-748-546-5653,1976/07/07,F,U,$2y$10$54/HMen7aUmauNMLjzkA7uMCW93pccpB9nuB0FgTdubsKJbDGkfqe,2022/12/14 00:00:00,0,2022/12/14 00:00:00
42,Megan Underwood,meganunderwood7198@gmail.com,1-971-336-6616,1965/01/19,F,U,$2y$10$54/HMen7aUmauNMLjzkA7uMCW93pccpB9nuB0FgTdubsKJbDGkfqe,2022/12/14 00:00:00,0,2022/12/14 00:00:00
43,Kiayada Stone,kiayadastone9703@gmail.com,1-817-156-4249,1994/09/13,M,U,$2y$10$54/HMen7aUmauNMLjzkA7uMCW93pccpB9nuB0FgTdubsKJbDGkfqe,2022/12/14 00:00:00,0,2022/12/14 00:00:00
44,Kirestin Odom,kirestinodom@gmail.com,139-4776,1942/08/03,F,U,$2y$10$54/HMen7aUmauNMLjzkA7uMCW93pccpB9nuB0FgTdubsKJbDGkfqe,2022/12/14 00:00:00,0,2022/12/14 00:00:00
45,Murphy Cote,murphycote@gmail.com,1-893-714-8855,2013/01/29,M,U,$2y$10$54/HMen7aUmauNMLjzkA7uMCW93pccpB9nuB0FgTdubsKJbDGkfqe,2022/12/14 00:00:00,0,2022/12/14 00:00:00
46,Clarke Soto,clarkesoto@gmail.com,1-386-670-8481,1985/02/11,M,U,$2y$10$54/HMen7aUmauNMLjzkA7uMCW93pccpB9nuB0FgTdubsKJbDGkfqe,2022/12/14 00:00:00,0,2022/12/14 00:00:00
47,Beck Cooper,beckcooper4135@gmail.com,829-8705,2001/02/05,F,U,$2y$10$54/HMen7aUmauNMLjzkA7uMCW93pccpB9nuB0FgTdubsKJbDGkfqe,2022/12/14 00:00:00,0,2022/12/14 00:00:00
48,Haviva Baird,havivabaird@gmail.com,346-9102,2004/11/16,M,U,$2y$10$54/HMen7aUmauNMLjzkA7uMCW93pccpB9nuB0FgTdubsKJbDGkfqe,2022/12/14 00:00:00,0,2022/12/14 00:00:00
49,Akeem Lester,akeemlester5086@gmail.com,1-152-977-5211,2002/11/01,M,U,$2y$10$54/HMen7aUmauNMLjzkA7uMCW93pccpB9nuB0FgTdubsKJbDGkfqe,2022/12/14 00:00:00,0,2022/12/14 00:00:00
50,Ralph Morales,ralphmorales6584@gmail.com,873-2715,2002/06/25,M,U,$2y$10$54/HMen7aUmauNMLjzkA7uMCW93pccpB9nuB0FgTdubsKJbDGkfqe,2022/12/14 00:00:00,0,2022/12/14 00:00:00
51,Stacy Mckenzie,stacymckenzie2547@gmail.com,350-7543,2015/06/19,N,U,$2y$10$54/HMen7aUmauNMLjzkA7uMCW93pccpB9nuB0FgTdubsKJbDGkfqe,2022/12/14 00:00:00,0,2022/12/14 00:00:00
52,Steven Brennan,stevenbrennan@gmail.com,1-228-858-1924,1950/09/21,M,U,$2y$10$54/HMen7aUmauNMLjzkA7uMCW93pccpB9nuB0FgTdubsKJbDGkfqe,2022/12/14 00:00:00,0,2022/12/14 00:00:00
53,Aaron Hicks,aaronhicks5527@gmail.com,1-579-421-3283,1988/07/03,F,U,$2y$10$54/HMen7aUmauNMLjzkA7uMCW93pccpB9nuB0FgTdubsKJbDGkfqe,2022/12/14 00:00:00,0,2022/12/14 00:00:00
54,Sylvester Berg,sylvesterberg8960@gmail.com,611-7409,1999/05/04,M,U,$2y$10$54/HMen7aUmauNMLjzkA7uMCW93pccpB9nuB0FgTdubsKJbDGkfqe,2022/12/14 00:00:00,0,2022/12/14 00:00:00
55,Drew Diaz,drewdiaz@gmail.com,1-285-266-9514,1927/11/28,M,U,$2y$10$54/HMen7aUmauNMLjzkA7uMCW93pccpB9nuB0FgTdubsKJbDGkfqe,2022/12/14 00:00:00,0,2022/12/14 00:00:00
56,Zeus Dorsey,zeusdorsey2035@gmail.com,854-8315,1958/02/20,M,U,$2y$10$54/HMen7aUmauNMLjzkA7uMCW93pccpB9nuB0FgTdubsKJbDGkfqe,2022/12/14 00:00:00,0,2022/12/14 00:00:00
57,Leah Long,leahlong4080@gmail.com,1-573-267-1365,1956/10/06,M,U,$2y$10$54/HMen7aUmauNMLjzkA7uMCW93pccpB9nuB0FgTdubsKJbDGkfqe,2022/12/14 00:00:00,0,2022/12/14 00:00:00
58,Renee Mccormick,reneemccormick@gmail.com,707-7278,1921/07/06,F,U,$2y$10$54/HMen7aUmauNMLjzkA7uMCW93pccpB9nuB0FgTdubsKJbDGkfqe,2022/12/14 00:00:00,0,2022/12/14 00:00:00
59,Iola Nolan,iolanolan@gmail.com,421-1912,1976/10/29,F,U,$2y$10$54/HMen7aUmauNMLjzkA7uMCW93pccpB9nuB0FgTdubsKJbDGkfqe,2022/12/14 00:00:00,0,2022/12/14 00:00:00
60,Keaton Velazquez,keatonvelazquez4218@gmail.com,1-104-344-5552,2012/08/16,M,U,$2y$10$54/HMen7aUmauNMLjzkA7uMCW93pccpB9nuB0FgTdubsKJbDGkfqe,2022/12/14 00:00:00,0,2022/12/14 00:00:00
61,Hyatt Sanford,hyattsanford@gmail.com,484-8506,1949/03/07,F,U,$2y$10$54/HMen7aUmauNMLjzkA7uMCW93pccpB9nuB0FgTdubsKJbDGkfqe,2022/12/14 00:00:00,0,2022/12/14 00:00:00
62,Bianca Hanson,biancahanson@gmail.com,1-538-774-1153,1950/12/10,M,U,$2y$10$54/HMen7aUmauNMLjzkA7uMCW93pccpB9nuB0FgTdubsKJbDGkfqe,2022/12/14 00:00:00,0,2022/12/14 00:00:00
63,Hammett Patrick,hammettpatrick@gmail.com,1-398-341-4630,1950/12/10,M,U,$2y$10$54/HMen7aUmauNMLjzkA7uMCW93pccpB9nuB0FgTdubsKJbDGkfqe,2022/12/14 00:00:00,0,2022/12/14 00:00:00
64,Carly Kinney,carlykinney@gmail.com,1-782-782-5710,1958/11/08,F,U,$2y$10$54/HMen7aUmauNMLjzkA7uMCW93pccpB9nuB0FgTdubsKJbDGkfqe,2022/12/14 00:00:00,0,2022/12/14 00:00:00
65,Liberty Clay,libertyclay7673@gmail.com,1-671-914-4051,2000/01/02,M,U,$2y$10$54/HMen7aUmauNMLjzkA7uMCW93pccpB9nuB0FgTdubsKJbDGkfqe,2022/12/14 00:00:00,0,2022/12/14 00:00:00
66,Tad Zimmerman,tadzimmerman838@gmail.com,472-4776,1944/03/13,M,U,$2y$10$54/HMen7aUmauNMLjzkA7uMCW93pccpB9nuB0FgTdubsKJbDGkfqe,2022/12/14 00:00:00,0,2022/12/14 00:00:00
67,Keane Vasquez,keanevasquez5875@gmail.com,1-261-731-3636,2004/07/13,M,U,$2y$10$54/HMen7aUmauNMLjzkA7uMCW93pccpB9nuB0FgTdubsKJbDGkfqe,2022/12/14 00:00:00,0,2022/12/14 00:00:00
68,Ira Allen,iraallen5167@gmail.com,1-372-624-8612,1964/07/07,N,U,$2y$10$54/HMen7aUmauNMLjzkA7uMCW93pccpB9nuB0FgTdubsKJbDGkfqe,2022/12/14 00:00:00,0,2022/12/14 00:00:00
69,Lyle Osborne,lyleosborne3316@gmail.com,1-435-566-4723,1998/04/06,M,U,$2y$10$54/HMen7aUmauNMLjzkA7uMCW93pccpB9nuB0FgTdubsKJbDGkfqe,2022/12/14 00:00:00,0,2022/12/14 00:00:00
70,Iris Rowland,irisrowland3290@gmail.com,527-3215,1942/04/03,F,U,$2y$10$54/HMen7aUmauNMLjzkA7uMCW93pccpB9nuB0FgTdubsKJbDGkfqe,2022/12/14 00:00:00,0,2022/12/14 00:00:00
71,Leroy Roach,leroyroach8102@gmail.com,836-5705,1954/01/11,M,U,$2y$10$54/HMen7aUmauNMLjzkA7uMCW93pccpB9nuB0FgTdubsKJbDGkfqe,2022/12/14 00:00:00,0,2022/12/14 00:00:00
72,Darryl Acevedo,darrylacevedo@gmail.com,1-366-445-8575,1955/01/04,M,U,$2y$10$54/HMen7aUmauNMLjzkA7uMCW93pccpB9nuB0FgTdubsKJbDGkfqe,2022/12/14 00:00:00,0,2022/12/14 00:00:00
73,Zahir Lang,zahirlang@gmail.com,578-8747,1996/06/13,M,U,$2y$10$54/HMen7aUmauNMLjzkA7uMCW93pccpB9nuB0FgTdubsKJbDGkfqe,2022/12/14 00:00:00,0,2022/12/14 00:00:00
74,September Joyner,septemberjoyner6311@gmail.com,299-5948,1936/05/17,M,U,$2y$10$54/HMen7aUmauNMLjzkA7uMCW93pccpB9nuB0FgTdubsKJbDGkfqe,2022/12/14 00:00:00,0,2022/12/14 00:00:00
75,Hanae Fitzgerald,hanaefitzgerald7503@gmail.com,1-121-712-9943,1998/12/08,F,U,$2y$10$54/HMen7aUmauNMLjzkA7uMCW93pccpB9nuB0FgTdubsKJbDGkfqe,2022/12/14 00:00:00,0,2022/12/14 00:00:00
76,Phoebe Roth,phoeberoth7570@gmail.com,465-9330,1972/11/24,F,U,$2y$10$54/HMen7aUmauNMLjzkA7uMCW93pccpB9nuB0FgTdubsKJbDGkfqe,2022/12/14 00:00:00,0,2022/12/14 00:00:00
77,Len Burton,lenburton@gmail.com,463-8394,1965/06/20,M,U,$2y$10$54/HMen7aUmauNMLjzkA7uMCW93pccpB9nuB0FgTdubsKJbDGkfqe,2022/12/14 00:00:00,0,2022/12/14 00:00:00
78,Garth Green,garthgreen@gmail.com,504-3440,1933/09/09,F,U,$2y$10$54/HMen7aUmauNMLjzkA7uMCW93pccpB9nuB0FgTdubsKJbDGkfqe,2022/12/14 00:00:00,0,2022/12/14 00:00:00
79,Summer Kemp,summerkemp1506@gmail.com,1-613-434-1402,1999/08/09,M,U,$2y$10$54/HMen7aUmauNMLjzkA7uMCW93pccpB9nuB0FgTdubsKJbDGkfqe,2022/12/14 00:00:00,0,2022/12/14 00:00:00
80,Beck Palmer,beckpalmer7662@gmail.com,963-7375,1939/11/05,M,U,$2y$10$54/HMen7aUmauNMLjzkA7uMCW93pccpB9nuB0FgTdubsKJbDGkfqe,2022/12/14 00:00:00,0,2022/12/14 00:00:00
81,Ivana Franklin,ivanafranklin@gmail.com,1-773-301-6825,2001/01/23,F,U,$2y$10$54/HMen7aUmauNMLjzkA7uMCW93pccpB9nuB0FgTdubsKJbDGkfqe,2022/12/14 00:00:00,0,2022/12/14 00:00:00
82,Dominique Davidson,dominiquedavidson5893@gmail.com,1-255-487-2792,1979/02/14,M,U,$2y$10$54/HMen7aUmauNMLjzkA7uMCW93pccpB9nuB0FgTdubsKJbDGkfqe,2022/12/14 00:00:00,0,2022/12/14 00:00:00
83,Charles Patrick,charlespatrick@gmail.com,610-7828,2012/10/25,M,U,$2y$10$54/HMen7aUmauNMLjzkA7uMCW93pccpB9nuB0FgTdubsKJbDGkfqe,2022/12/14 00:00:00,0,2022/12/14 00:00:00
84,Reese Gould,reesegould3486@gmail.com,832-8007,1966/11/19,M,U,$2y$10$54/HMen7aUmauNMLjzkA7uMCW93pccpB9nuB0FgTdubsKJbDGkfqe,2022/12/14 00:00:00,0,2022/12/14 00:00:00
85,Dolan Franks,dolanfranks7520@gmail.com,1-368-213-3724,1970/12/21,N,U,$2y$10$54/HMen7aUmauNMLjzkA7uMCW93pccpB9nuB0FgTdubsKJbDGkfqe,2022/12/14 00:00:00,0,2022/12/14 00:00:00
86,Faith Burt,faithburt@gmail.com,366-7103,1952/04/06,M,U,$2y$10$54/HMen7aUmauNMLjzkA7uMCW93pccpB9nuB0FgTdubsKJbDGkfqe,2022/12/14 00:00:00,0,2022/12/14 00:00:00
87,Lael Nicholson,laelnicholson9140@gmail.com,531-0759,1946/03/04,F,U,$2y$10$54/HMen7aUmauNMLjzkA7uMCW93pccpB9nuB0FgTdubsKJbDGkfqe,2022/12/14 00:00:00,0,2022/12/14 00:00:00
88,Galvin Howe,galvinhowe4568@gmail.com,1-377-716-8298,1920/03/29,M,U,$2y$10$54/HMen7aUmauNMLjzkA7uMCW93pccpB9nuB0FgTdubsKJbDGkfqe,2022/12/14 00:00:00,0,2022/12/14 00:00:00
89,Barry Rogers,barryrogers723@gmail.com,1-385-511-5288,1923/08/20,M,U,$2y$10$54/HMen7aUmauNMLjzkA7uMCW93pccpB9nuB0FgTdubsKJbDGkfqe,2022/12/14 00:00:00,0,2022/12/14 00:00:00
90,Edward Cross,edwardcross@gmail.com,956-4805,1981/08/30,M,U,$2y$10$54/HMen7aUmauNMLjzkA7uMCW93pccpB9nuB0FgTdubsKJbDGkfqe,2022/12/14 00:00:00,0,2022/12/14 00:00:00
91,Marah Lee,marahlee982@gmail.com,1-443-818-5638,1954/06/07,M,U,$2y$10$54/HMen7aUmauNMLjzkA7uMCW93pccpB9nuB0FgTdubsKJbDGkfqe,2022/12/14 00:00:00,0,2022/12/14 00:00:00
92,Lamar Morse,lamarmorse3587@gmail.com,533-7823,2015/02/07,F,U,$2y$10$54/HMen7aUmauNMLjzkA7uMCW93pccpB9nuB0FgTdubsKJbDGkfqe,2022/12/14 00:00:00,0,2022/12/14 00:00:00
93,Nigel Burris,nigelburris8429@gmail.com,543-1641,1946/10/01,F,U,$2y$10$54/HMen7aUmauNMLjzkA7uMCW93pccpB9nuB0FgTdubsKJbDGkfqe,2022/12/14 00:00:00,0,2022/12/14 00:00:00
94,Cara Quinn,caraquinn6322@gmail.com,1-466-514-8884,1980/08/14,M,U,$2y$10$54/HMen7aUmauNMLjzkA7uMCW93pccpB9nuB0FgTdubsKJbDGkfqe,2022/12/14 00:00:00,0,2022/12/14 00:00:00
95,Willow Small,willowsmall4252@gmail.com,1-291-223-2048,1929/06/14,F,U,$2y$10$54/HMen7aUmauNMLjzkA7uMCW93pccpB9nuB0FgTdubsKJbDGkfqe,2022/12/14 00:00:00,0,2022/12/14 00:00:00
96,Wynter Snow,wyntersnow@gmail.com,471-5802,1952/10/11,M,U,$2y$10$54/HMen7aUmauNMLjzkA7uMCW93pccpB9nuB0FgTdubsKJbDGkfqe,2022/12/14 00:00:00,0,2022/12/14 00:00:00
97,Kerry Summers,kerrysummers@gmail.com,1-436-580-5534,2003/05/18,M,U,$2y$10$54/HMen7aUmauNMLjzkA7uMCW93pccpB9nuB0FgTdubsKJbDGkfqe,2022/12/14 00:00:00,0,2022/12/14 00:00:00
98,Cullen Justice,cullenjustice3372@gmail.com,563-9600,1932/09/16,F,U,$2y$10$54/HMen7aUmauNMLjzkA7uMCW93pccpB9nuB0FgTdubsKJbDGkfqe,2022/12/14 00:00:00,0,2022/12/14 00:00:00
99,Kellie Horton,kelliehorton3438@gmail.com,355-9904,1992/12/23,M,U,$2y$10$54/HMen7aUmauNMLjzkA7uMCW93pccpB9nuB0FgTdubsKJbDGkfqe,2022/12/14 00:00:00,0,2022/12/14 00:00:00
100,Elton Bishop,eltonbishop423@gmail.com,779-5294,1979/01/13,M,U,$2y$10$54/HMen7aUmauNMLjzkA7uMCW93pccpB9nuB0FgTdubsKJbDGkfqe,2022/12/14 00:00:00,0,2022/12/14 00:00:00
101,Demetria Lyons,demetrialyons@gmail.com,1-260-821-2962,1949/06/28,M,U,$2y$10$54/HMen7aUmauNMLjzkA7uMCW93pccpB9nuB0FgTdubsKJbDGkfqe,2022/12/14 00:00:00,0,2022/12/14 00:00:00
102,Eric Clarke,ericclarke5188@gmail.com,1-728-262-4583,1954/11/27,N,U,$2y$10$54/HMen7aUmauNMLjzkA7uMCW93pccpB9nuB0FgTdubsKJbDGkfqe,2022/12/14 00:00:00,0,2022/12/14 00:00:00
103,Hayes Arnold,hayesarnold3701@gmail.com,274-7500,1967/03/24,M,U,$2y$10$54/HMen7aUmauNMLjzkA7uMCW93pccpB9nuB0FgTdubsKJbDGkfqe,2022/12/14 00:00:00,0,2022/12/14 00:00:00
104,Adena Garrett,adenagarrett@gmail.com,1-514-786-5056,1990/01/04,F,U,$2y$10$54/HMen7aUmauNMLjzkA7uMCW93pccpB9nuB0FgTdubsKJbDGkfqe,2022/12/14 00:00:00,0,2022/12/14 00:00:00
105,Regina Gibbs,reginagibbs1262@gmail.com,1-605-220-7326,1956/10/20,M,U,$2y$10$54/HMen7aUmauNMLjzkA7uMCW93pccpB9nuB0FgTdubsKJbDGkfqe,2022/12/14 00:00:00,0,2022/12/14 00:00:00
106,Jaquelyn French,jaquelynfrench@gmail.com,866-5237,1983/11/02,M,U,$2y$10$54/HMen7aUmauNMLjzkA7uMCW93pccpB9nuB0FgTdubsKJbDGkfqe,2022/12/14 00:00:00,0,2022/12/14 00:00:00
107,Ella Rutledge,ellarutledge@gmail.com,612-5323,1937/04/05,M,U,$2y$10$54/HMen7aUmauNMLjzkA7uMCW93pccpB9nuB0FgTdubsKJbDGkfqe,2022/12/14 00:00:00,0,2022/12/14 00:00:00
108,Adrian Harrison,adrianharrison3484@gmail.com,611-3427,2014/04/07,M,U,$2y$10$54/HMen7aUmauNMLjzkA7uMCW93pccpB9nuB0FgTdubsKJbDGkfqe,2022/12/14 00:00:00,0,2022/12/14 00:00:00
109,Rachel Mcmillan,rachelmcmillan2093@gmail.com,848-5576,1993/08/26,F,U,$2y$10$54/HMen7aUmauNMLjzkA7uMCW93pccpB9nuB0FgTdubsKJbDGkfqe,2022/12/14 00:00:00,0,2022/12/14 00:00:00
110,Ella Foreman,ellaforeman8450@gmail.com,516-6108,1974/08/14,F,U,$2y$10$54/HMen7aUmauNMLjzkA7uMCW93pccpB9nuB0FgTdubsKJbDGkfqe,2022/12/14 00:00:00,0,2022/12/14 00:00:00
111,Daphne Pearson,daphnepearson4249@gmail.com,1-851-612-6959,1966/11/14,M,U,$2y$10$54/HMen7aUmauNMLjzkA7uMCW93pccpB9nuB0FgTdubsKJbDGkfqe,2022/12/14 00:00:00,0,2022/12/14 00:00:00
112,Cadman Frost,cadmanfrost@gmail.com,1-414-213-4717,1958/01/26,F,U,$2y$10$54/HMen7aUmauNMLjzkA7uMCW93pccpB9nuB0FgTdubsKJbDGkfqe,2022/12/14 00:00:00,0,2022/12/14 00:00:00
113,Nell Sawyer,nellsawyer4586@gmail.com,502-1355,1938/06/11,M,U,$2y$10$54/HMen7aUmauNMLjzkA7uMCW93pccpB9nuB0FgTdubsKJbDGkfqe,2022/12/14 00:00:00,0,2022/12/14 00:00:00
114,Otto Chambers,ottochambers8748@gmail.com,532-2328,1947/12/15,M,U,$2y$10$54/HMen7aUmauNMLjzkA7uMCW93pccpB9nuB0FgTdubsKJbDGkfqe,2022/12/14 00:00:00,0,2022/12/14 00:00:00
115,Julian Hansen,julianhansen@gmail.com,574-4526,1974/09/06,F,U,$2y$10$54/HMen7aUmauNMLjzkA7uMCW93pccpB9nuB0FgTdubsKJbDGkfqe,2022/12/14 00:00:00,0,2022/12/14 00:00:00
116,Anthony Bartlett,anthonybartlett@gmail.com,1-665-837-3598,1967/05/01,M,U,$2y$10$54/HMen7aUmauNMLjzkA7uMCW93pccpB9nuB0FgTdubsKJbDGkfqe,2022/12/14 00:00:00,0,2022/12/14 00:00:00
117,Tyrone Leon,tyroneleon9581@gmail.com,108-4341,1983/07/24,M,U,$2y$10$54/HMen7aUmauNMLjzkA7uMCW93pccpB9nuB0FgTdubsKJbDGkfqe,2022/12/14 00:00:00,0,2022/12/14 00:00:00
118,Maia Saunders,maiasaunders@gmail.com,1-679-770-3747,1934/07/20,M,U,$2y$10$54/HMen7aUmauNMLjzkA7uMCW93pccpB9nuB0FgTdubsKJbDGkfqe,2022/12/14 00:00:00,0,2022/12/14 00:00:00
119,Hiram Owens,hiramowens@gmail.com,1-366-658-6667,1927/02/02,N,U,$2y$10$54/HMen7aUmauNMLjzkA7uMCW93pccpB9nuB0FgTdubsKJbDGkfqe,2022/12/14 00:00:00,0,2022/12/14 00:00:00
120,Anika Day,anikaday@gmail.com,624-6624,1939/03/01,M,U,$2y$10$54/HMen7aUmauNMLjzkA7uMCW93pccpB9nuB0FgTdubsKJbDGkfqe,2022/12/14 00:00:00,0,2022/12/14 00:00:00
121,Clio Bentley,cliobentley6503@gmail.com,1-524-337-8827,1985/02/06,F,U,$2y$10$54/HMen7aUmauNMLjzkA7uMCW93pccpB9nuB0FgTdubsKJbDGkfqe,2022/12/14 00:00:00,0,2022/12/14 00:00:00
122,Devin Montoya,devinmontoya@gmail.com,340-9599,1974/03/24,M,U,$2y$10$54/HMen7aUmauNMLjzkA7uMCW93pccpB9nuB0FgTdubsKJbDGkfqe,2022/12/14 00:00:00,0,2022/12/14 00:00:00
123,Quin Hyde,quinhyde9348@gmail.com,1-120-827-8583,1971/04/07,M,U,$2y$10$54/HMen7aUmauNMLjzkA7uMCW93pccpB9nuB0FgTdubsKJbDGkfqe,2022/12/14 00:00:00,0,2022/12/14 00:00:00
124,Abigail Calhoun,abigailcalhoun@gmail.com,643-6655,1949/07/07,M,U,$2y$10$54/HMen7aUmauNMLjzkA7uMCW93pccpB9nuB0FgTdubsKJbDGkfqe,2022/12/14 00:00:00,0,2022/12/14 00:00:00
125,Martina Morton,martinamorton2099@gmail.com,1-511-276-4165,1991/06/14,M,U,$2y$10$54/HMen7aUmauNMLjzkA7uMCW93pccpB9nuB0FgTdubsKJbDGkfqe,2022/12/14 00:00:00,0,2022/12/14 00:00:00
126,Darius Ball,dariusball9939@gmail.com,1-213-744-9858,1943/12/19,F,U,$2y$10$54/HMen7aUmauNMLjzkA7uMCW93pccpB9nuB0FgTdubsKJbDGkfqe,2022/12/14 00:00:00,0,2022/12/14 00:00:00
127,Herman Dejesus,hermandejesus@gmail.com,1-145-379-7136,1956/03/05,F,U,$2y$10$54/HMen7aUmauNMLjzkA7uMCW93pccpB9nuB0FgTdubsKJbDGkfqe,2022/12/14 00:00:00,0,2022/12/14 00:00:00
128,Colin Hale,colinhale@gmail.com,241-6304,1963/12/01,M,U,$2y$10$54/HMen7aUmauNMLjzkA7uMCW93pccpB9nuB0FgTdubsKJbDGkfqe,2022/12/14 00:00:00,0,2022/12/14 00:00:00
129,Chava Bush,chavabush4041@gmail.com,669-6196,1953/06/21,F,U,$2y$10$54/HMen7aUmauNMLjzkA7uMCW93pccpB9nuB0FgTdubsKJbDGkfqe,2022/12/14 00:00:00,0,2022/12/14 00:00:00
130,Sean Kidd,seankidd5085@gmail.com,1-376-283-6221,1962/07/14,M,U,$2y$10$54/HMen7aUmauNMLjzkA7uMCW93pccpB9nuB0FgTdubsKJbDGkfqe,2022/12/14 00:00:00,0,2022/12/14 00:00:00
131,Barrett Reed,barrettreed7580@gmail.com,704-1917,1927/12/15,M,U,$2y$10$54/HMen7aUmauNMLjzkA7uMCW93pccpB9nuB0FgTdubsKJbDGkfqe,2022/12/14 00:00:00,0,2022/12/14 00:00:00
132,Kareem Clark,kareemclark@gmail.com,1-642-421-7437,1932/08/09,F,U,$2y$10$54/HMen7aUmauNMLjzkA7uMCW93pccpB9nuB0FgTdubsKJbDGkfqe,2022/12/14 00:00:00,0,2022/12/14 00:00:00
133,Sawyer Vang,sawyervang@gmail.com,738-8515,2005/01/13,M,U,$2y$10$54/HMen7aUmauNMLjzkA7uMCW93pccpB9nuB0FgTdubsKJbDGkfqe,2022/12/14 00:00:00,0,2022/12/14 00:00:00
134,Nayda Peterson,naydapeterson2721@gmail.com,212-4143,1923/04/04,M,U,$2y$10$54/HMen7aUmauNMLjzkA7uMCW93pccpB9nuB0FgTdubsKJbDGkfqe,2022/12/14 00:00:00,0,2022/12/14 00:00:00
135,Margaret Kemp,margaretkemp5209@gmail.com,403-3568,1953/07/06,M,U,$2y$10$54/HMen7aUmauNMLjzkA7uMCW93pccpB9nuB0FgTdubsKJbDGkfqe,2022/12/14 00:00:00,0,2022/12/14 00:00:00
136,Akeem Santana,akeemsantana@gmail.com,982-2432,1937/09/16,N,U,$2y$10$54/HMen7aUmauNMLjzkA7uMCW93pccpB9nuB0FgTdubsKJbDGkfqe,2022/12/14 00:00:00,0,2022/12/14 00:00:00
137,Tanek Terrell,tanekterrell@gmail.com,1-558-711-7920,1964/09/14,M,U,$2y$10$54/HMen7aUmauNMLjzkA7uMCW93pccpB9nuB0FgTdubsKJbDGkfqe,2022/12/14 00:00:00,0,2022/12/14 00:00:00
138,Cadman Fleming,cadmanfleming6296@gmail.com,1-876-920-9272,1996/08/06,F,U,$2y$10$54/HMen7aUmauNMLjzkA7uMCW93pccpB9nuB0FgTdubsKJbDGkfqe,2022/12/14 00:00:00,0,2022/12/14 00:00:00
139,Jin Wiley,jinwiley@gmail.com,1-633-323-1367,2007/06/08,M,U,$2y$10$54/HMen7aUmauNMLjzkA7uMCW93pccpB9nuB0FgTdubsKJbDGkfqe,2022/12/14 00:00:00,0,2022/12/14 00:00:00
140,Kristen Sykes,kristensykes@gmail.com,1-642-883-5181,2006/11/14,M,U,$2y$10$54/HMen7aUmauNMLjzkA7uMCW93pccpB9nuB0FgTdubsKJbDGkfqe,2022/12/14 00:00:00,0,2022/12/14 00:00:00
141,Jelani Santos,jelanisantos9265@gmail.com,109-6338,1957/11/23,M,U,$2y$10$54/HMen7aUmauNMLjzkA7uMCW93pccpB9nuB0FgTdubsKJbDGkfqe,2022/12/14 00:00:00,0,2022/12/14 00:00:00
142,Ezra Gilmore,ezragilmore@gmail.com,658-7446,2013/05/22,M,U,$2y$10$54/HMen7aUmauNMLjzkA7uMCW93pccpB9nuB0FgTdubsKJbDGkfqe,2022/12/14 00:00:00,0,2022/12/14 00:00:00
143,Craig Edwards,craigedwards@gmail.com,421-5528,2003/12/27,F,U,$2y$10$54/HMen7aUmauNMLjzkA7uMCW93pccpB9nuB0FgTdubsKJbDGkfqe,2022/12/14 00:00:00,0,2022/12/14 00:00:00
144,Laura Owen,lauraowen@gmail.com,396-3566,1994/08/20,F,U,$2y$10$54/HMen7aUmauNMLjzkA7uMCW93pccpB9nuB0FgTdubsKJbDGkfqe,2022/12/14 00:00:00,0,2022/12/14 00:00:00
145,Zachary Bradford,zacharybradford7159@gmail.com,1-602-279-7561,1947/11/08,M,U,$2y$10$54/HMen7aUmauNMLjzkA7uMCW93pccpB9nuB0FgTdubsKJbDGkfqe,2022/12/14 00:00:00,0,2022/12/14 00:00:00
146,Jarrod Sutton,jarrodsutton5712@gmail.com,474-4223,1983/11/02,F,U,$2y$10$54/HMen7aUmauNMLjzkA7uMCW93pccpB9nuB0FgTdubsKJbDGkfqe,2022/12/14 00:00:00,0,2022/12/14 00:00:00
147,Madeline Mayo,madelinemayo@gmail.com,1-740-348-3866,1982/03/10,M,U,$2y$10$54/HMen7aUmauNMLjzkA7uMCW93pccpB9nuB0FgTdubsKJbDGkfqe,2022/12/14 00:00:00,0,2022/12/14 00:00:00
148,Haviva Sampson,havivasampson@gmail.com,486-9178,1926/02/24,M,U,$2y$10$54/HMen7aUmauNMLjzkA7uMCW93pccpB9nuB0FgTdubsKJbDGkfqe,2022/12/14 00:00:00,0,2022/12/14 00:00:00
149,Martha Henson,marthahenson2314@gmail.com,1-788-773-0664,1995/09/15,F,U,$2y$10$54/HMen7aUmauNMLjzkA7uMCW93pccpB9nuB0FgTdubsKJbDGkfqe,2022/12/14 00:00:00,0,2022/12/14 00:00:00
150,Dai Fox,daifox@gmail.com,587-0103,1925/02/25,M,U,$2y$10$54/HMen7aUmauNMLjzkA7uMCW93pccpB9nuB0FgTdubsKJbDGkfqe,2022/12/14 00:00:00,0,2022/12/14 00:00:00
151,Maya Jennings,mayajennings@gmail.com,981-0780,1956/07/25,M,U,$2y$10$54/HMen7aUmauNMLjzkA7uMCW93pccpB9nuB0FgTdubsKJbDGkfqe,2022/12/14 00:00:00,0,2022/12/14 00:00:00
152,Beverly West,beverlywest@gmail.com,1-535-345-0342,1927/05/26,M,U,$2y$10$54/HMen7aUmauNMLjzkA7uMCW93pccpB9nuB0FgTdubsKJbDGkfqe,2022/12/14 00:00:00,0,2022/12/14 00:00:00
153,Naida Chan,naidachan@gmail.com,1-667-584-7946,1924/07/08,N,U,$2y$10$54/HMen7aUmauNMLjzkA7uMCW93pccpB9nuB0FgTdubsKJbDGkfqe,2022/12/14 00:00:00,0,2022/12/14 00:00:00
154,Reuben Bush,reubenbush@gmail.com,1-319-666-1313,1967/02/17,M,U,$2y$10$54/HMen7aUmauNMLjzkA7uMCW93pccpB9nuB0FgTdubsKJbDGkfqe,2022/12/14 00:00:00,0,2022/12/14 00:00:00
155,Quyn Frost,quynfrost4452@gmail.com,1-987-687-2827,1978/09/22,F,U,$2y$10$54/HMen7aUmauNMLjzkA7uMCW93pccpB9nuB0FgTdubsKJbDGkfqe,2022/12/14 00:00:00,0,2022/12/14 00:00:00
156,Claire Hurley,clairehurley@gmail.com,1-574-353-0550,2003/06/05,M,U,$2y$10$54/HMen7aUmauNMLjzkA7uMCW93pccpB9nuB0FgTdubsKJbDGkfqe,2022/12/14 00:00:00,0,2022/12/14 00:00:00
157,Norman Drake,normandrake@gmail.com,522-7545,1989/01/02,M,U,$2y$10$54/HMen7aUmauNMLjzkA7uMCW93pccpB9nuB0FgTdubsKJbDGkfqe,2022/12/14 00:00:00,0,2022/12/14 00:00:00
158,Leilani Chapman,leilanichapman4493@gmail.com,1-727-243-2947,1965/04/16,M,U,$2y$10$54/HMen7aUmauNMLjzkA7uMCW93pccpB9nuB0FgTdubsKJbDGkfqe,2022/12/14 00:00:00,0,2022/12/14 00:00:00
159,Alice Russell,alicerussell@gmail.com,1-337-646-8076,1940/05/25,M,U,$2y$10$54/HMen7aUmauNMLjzkA7uMCW93pccpB9nuB0FgTdubsKJbDGkfqe,2022/12/14 00:00:00,0,2022/12/14 00:00:00
160,Palmer Wong,palmerwong@gmail.com,440-3789,1979/06/05,F,U,$2y$10$54/HMen7aUmauNMLjzkA7uMCW93pccpB9nuB0FgTdubsKJbDGkfqe,2022/12/14 00:00:00,0,2022/12/14 00:00:00
161,Quinn Alston,quinnalston@gmail.com,1-406-854-3194,1925/09/09,F,U,$2y$10$54/HMen7aUmauNMLjzkA7uMCW93pccpB9nuB0FgTdubsKJbDGkfqe,2022/12/14 00:00:00,0,2022/12/14 00:00:00
162,Kibo Mayer,kibomayer@gmail.com,137-7484,1923/01/21,M,U,$2y$10$54/HMen7aUmauNMLjzkA7uMCW93pccpB9nuB0FgTdubsKJbDGkfqe,2022/12/14 00:00:00,0,2022/12/14 00:00:00
163,Constance Rojas,constancerojas7936@gmail.com,1-493-683-2681,1921/08/30,F,U,$2y$10$54/HMen7aUmauNMLjzkA7uMCW93pccpB9nuB0FgTdubsKJbDGkfqe,2022/12/14 00:00:00,0,2022/12/14 00:00:00
164,Zephania Richard,zephaniarichard@gmail.com,1-395-589-8845,1921/01/01,M,U,$2y$10$54/HMen7aUmauNMLjzkA7uMCW93pccpB9nuB0FgTdubsKJbDGkfqe,2022/12/14 00:00:00,0,2022/12/14 00:00:00
165,Olivia Freeman,oliviafreeman9612@gmail.com,1-113-444-8914,1945/05/31,M,U,$2y$10$54/HMen7aUmauNMLjzkA7uMCW93pccpB9nuB0FgTdubsKJbDGkfqe,2022/12/14 00:00:00,0,2022/12/14 00:00:00
166,Maxwell Bradford,maxwellbradford429@gmail.com,634-6548,1985/12/23,F,U,$2y$10$54/HMen7aUmauNMLjzkA7uMCW93pccpB9nuB0FgTdubsKJbDGkfqe,2022/12/14 00:00:00,0,2022/12/14 00:00:00
167,Zachary Haley,zacharyhaley@gmail.com,1-471-652-0228,1936/02/10,M,U,$2y$10$54/HMen7aUmauNMLjzkA7uMCW93pccpB9nuB0FgTdubsKJbDGkfqe,2022/12/14 00:00:00,0,2022/12/14 00:00:00
168,Austin Rose,austinrose@gmail.com,1-957-637-6683,1997/07/21,M,U,$2y$10$54/HMen7aUmauNMLjzkA7uMCW93pccpB9nuB0FgTdubsKJbDGkfqe,2022/12/14 00:00:00,0,2022/12/14 00:00:00
169,Imani Ferrell,imaniferrell4588@gmail.com,1-116-807-1951,1951/06/20,M,U,$2y$10$54/HMen7aUmauNMLjzkA7uMCW93pccpB9nuB0FgTdubsKJbDGkfqe,2022/12/14 00:00:00,0,2022/12/14 00:00:00
170,Cassady Greene,cassadygreene2430@gmail.com,814-2617,1933/10/15,N,U,$2y$10$54/HMen7aUmauNMLjzkA7uMCW93pccpB9nuB0FgTdubsKJbDGkfqe,2022/12/14 00:00:00,0,2022/12/14 00:00:00
171,Macaulay Byrd,macaulaybyrd@gmail.com,1-983-199-1267,1948/07/12,M,U,$2y$10$54/HMen7aUmauNMLjzkA7uMCW93pccpB9nuB0FgTdubsKJbDGkfqe,2022/12/14 00:00:00,0,2022/12/14 00:00:00
172,Tobias Wong,tobiaswong@gmail.com,1-546-293-2125,2012/10/27,F,U,$2y$10$54/HMen7aUmauNMLjzkA7uMCW93pccpB9nuB0FgTdubsKJbDGkfqe,2022/12/14 00:00:00,0,2022/12/14 00:00:00
173,Sharon Dickerson,sharondickerson@gmail.com,818-7314,2011/01/13,M,U,$2y$10$54/HMen7aUmauNMLjzkA7uMCW93pccpB9nuB0FgTdubsKJbDGkfqe,2022/12/14 00:00:00,0,2022/12/14 00:00:00
174,Velma Clarke,velmaclarke@gmail.com,635-7415,1979/03/16,M,U,$2y$10$54/HMen7aUmauNMLjzkA7uMCW93pccpB9nuB0FgTdubsKJbDGkfqe,2022/12/14 00:00:00,0,2022/12/14 00:00:00
175,Kato Rivera,katorivera@gmail.com,1-134-592-8364,2004/11/21,M,U,$2y$10$54/HMen7aUmauNMLjzkA7uMCW93pccpB9nuB0FgTdubsKJbDGkfqe,2022/12/14 00:00:00,0,2022/12/14 00:00:00
176,Murphy Sweeney,murphysweeney@gmail.com,644-7514,1921/11/08,M,U,$2y$10$54/HMen7aUmauNMLjzkA7uMCW93pccpB9nuB0FgTdubsKJbDGkfqe,2022/12/14 00:00:00,0,2022/12/14 00:00:00
177,Karen Hancock,karenhancock4599@gmail.com,1-754-716-2952,2006/01/25,F,U,$2y$10$54/HMen7aUmauNMLjzkA7uMCW93pccpB9nuB0FgTdubsKJbDGkfqe,2022/12/14 00:00:00,0,2022/12/14 00:00:00
178,Edward Melton,edwardmelton6045@gmail.com,534-3814,2000/12/24,F,U,$2y$10$54/HMen7aUmauNMLjzkA7uMCW93pccpB9nuB0FgTdubsKJbDGkfqe,2022/12/14 00:00:00,0,2022/12/14 00:00:00
179,Alea O'brien,aleaobrien@gmail.com,1-686-717-1747,1971/10/17,M,U,$2y$10$54/HMen7aUmauNMLjzkA7uMCW93pccpB9nuB0FgTdubsKJbDGkfqe,2022/12/14 00:00:00,0,2022/12/14 00:00:00
180,Cade Navarro,cadenavarro4892@gmail.com,428-4879,1958/09/06,F,U,$2y$10$54/HMen7aUmauNMLjzkA7uMCW93pccpB9nuB0FgTdubsKJbDGkfqe,2022/12/14 00:00:00,0,2022/12/14 00:00:00
181,Brock Marsh,brockmarsh7766@gmail.com,435-8006,1927/09/02,M,U,$2y$10$54/HMen7aUmauNMLjzkA7uMCW93pccpB9nuB0FgTdubsKJbDGkfqe,2022/12/14 00:00:00,0,2022/12/14 00:00:00
182,Zoe Russo,zoerusso7853@gmail.com,1-606-394-7135,1997/06/13,M,U,$2y$10$54/HMen7aUmauNMLjzkA7uMCW93pccpB9nuB0FgTdubsKJbDGkfqe,2022/12/14 00:00:00,0,2022/12/14 00:00:00
183,Vivian Robertson,vivianrobertson5494@gmail.com,1-664-456-0219,2014/05/27,F,U,$2y$10$54/HMen7aUmauNMLjzkA7uMCW93pccpB9nuB0FgTdubsKJbDGkfqe,2022/12/14 00:00:00,0,2022/12/14 00:00:00
184,Lisandra Randolph,lisandrarandolph8666@gmail.com,1-389-674-8378,2014/02/27,M,U,$2y$10$54/HMen7aUmauNMLjzkA7uMCW93pccpB9nuB0FgTdubsKJbDGkfqe,2022/12/14 00:00:00,0,2022/12/14 00:00:00
185,Pearl Riddle,pearlriddle4641@gmail.com,525-3511,2006/10/25,M,U,$2y$10$54/HMen7aUmauNMLjzkA7uMCW93pccpB9nuB0FgTdubsKJbDGkfqe,2022/12/14 00:00:00,0,2022/12/14 00:00:00
186,Ezekiel Morse,ezekielmorse5759@gmail.com,971-3584,1956/04/12,M,U,$2y$10$54/HMen7aUmauNMLjzkA7uMCW93pccpB9nuB0FgTdubsKJbDGkfqe,2022/12/14 00:00:00,0,2022/12/14 00:00:00
187,Samson Wooten,samsonwooten5134@gmail.com,233-6536,1979/12/24,N,U,$2y$10$54/HMen7aUmauNMLjzkA7uMCW93pccpB9nuB0FgTdubsKJbDGkfqe,2022/12/14 00:00:00,0,2022/12/14 00:00:00
188,Mary Garrison,marygarrison@gmail.com,1-862-145-8563,1927/04/03,M,U,$2y$10$54/HMen7aUmauNMLjzkA7uMCW93pccpB9nuB0FgTdubsKJbDGkfqe,2022/12/14 00:00:00,0,2022/12/14 00:00:00
189,Jocelyn Oneal,jocelynoneal6750@gmail.com,565-6677,2004/08/22,F,U,$2y$10$54/HMen7aUmauNMLjzkA7uMCW93pccpB9nuB0FgTdubsKJbDGkfqe,2022/12/14 00:00:00,0,2022/12/14 00:00:00
190,Blake Bowers,blakebowers3719@gmail.com,422-4124,1991/10/23,M,U,$2y$10$54/HMen7aUmauNMLjzkA7uMCW93pccpB9nuB0FgTdubsKJbDGkfqe,2022/12/14 00:00:00,0,2022/12/14 00:00:00
191,Chester Mendoza,chestermendoza704@gmail.com,402-4686,1945/06/08,M,U,$2y$10$54/HMen7aUmauNMLjzkA7uMCW93pccpB9nuB0FgTdubsKJbDGkfqe,2022/12/14 00:00:00,0,2022/12/14 00:00:00
192,Hammett Lynch,hammettlynch3689@gmail.com,461-1122,1945/04/27,M,U,$2y$10$54/HMen7aUmauNMLjzkA7uMCW93pccpB9nuB0FgTdubsKJbDGkfqe,2022/12/14 00:00:00,0,2022/12/14 00:00:00
193,Hillary Barry,hillarybarry2417@gmail.com,1-353-551-5744,1998/08/31,M,U,$2y$10$54/HMen7aUmauNMLjzkA7uMCW93pccpB9nuB0FgTdubsKJbDGkfqe,2022/12/14 00:00:00,0,2022/12/14 00:00:00
194,Grant Morgan,grantmorgan@gmail.com,1-206-863-9433,1938/08/13,F,U,$2y$10$54/HMen7aUmauNMLjzkA7uMCW93pccpB9nuB0FgTdubsKJbDGkfqe,2022/12/14 00:00:00,0,2022/12/14 00:00:00
195,Stuart Pena,stuartpena@gmail.com,522-8363,1970/06/18,F,U,$2y$10$54/HMen7aUmauNMLjzkA7uMCW93pccpB9nuB0FgTdubsKJbDGkfqe,2022/12/14 00:00:00,0,2022/12/14 00:00:00
196,Barclay Gomez,barclaygomez5798@gmail.com,1-763-732-0135,1946/03/25,M,U,$2y$10$54/HMen7aUmauNMLjzkA7uMCW93pccpB9nuB0FgTdubsKJbDGkfqe,2022/12/14 00:00:00,0,2022/12/14 00:00:00
197,Erich Griffin,erichgriffin@gmail.com,881-7497,1927/08/21,F,U,$2y$10$54/HMen7aUmauNMLjzkA7uMCW93pccpB9nuB0FgTdubsKJbDGkfqe,2022/12/14 00:00:00,0,2022/12/14 00:00:00
198,Colton Sweeney,coltonsweeney@gmail.com,354-3853,1965/01/20,M,U,$2y$10$54/HMen7aUmauNMLjzkA7uMCW93pccpB9nuB0FgTdubsKJbDGkfqe,2022/12/14 00:00:00,0,2022/12/14 00:00:00
199,Conan Patrick,conanpatrick4065@gmail.com,389-0713,1982/11/03,M,U,$2y$10$54/HMen7aUmauNMLjzkA7uMCW93pccpB9nuB0FgTdubsKJbDGkfqe,2022/12/14 00:00:00,0,2022/12/14 00:00:00
200,Bertha Kinney,berthakinney7669@gmail.com,1-680-801-3146,2008/07/17,F,U,$2y$10$54/HMen7aUmauNMLjzkA7uMCW93pccpB9nuB0FgTdubsKJbDGkfqe,2022/12/14 00:00:00,0,2022/12/14 00:00:00
201,Rebekah Daugherty,rebekahdaugherty4996@gmail.com,1-924-365-8556,1949/02/28,M,U,$2y$10$54/HMen7aUmauNMLjzkA7uMCW93pccpB9nuB0FgTdubsKJbDGkfqe,2022/12/14 00:00:00,0,2022/12/14 00:00:00
202,Lysandra Garner,lysandragarner@gmail.com,607-4846,2014/11/01,M,U,$2y$10$54/HMen7aUmauNMLjzkA7uMCW93pccpB9nuB0FgTdubsKJbDGkfqe,2022/12/14 00:00:00,0,2022/12/14 00:00:00
203,Frances Brown,francesbrown@gmail.com,1-665-237-3553,1993/06/28,M,U,$2y$10$54/HMen7aUmauNMLjzkA7uMCW93pccpB9nuB0FgTdubsKJbDGkfqe,2022/12/14 00:00:00,0,2022/12/14 00:00:00
204,Callum Nielsen,callumnielsen@gmail.com,1-373-674-2455,1973/12/31,N,U,$2y$10$54/HMen7aUmauNMLjzkA7uMCW93pccpB9nuB0FgTdubsKJbDGkfqe,2022/12/14 00:00:00,0,2022/12/14 00:00:00
205,Adrian Floyd,adrianfloyd9502@gmail.com,1-724-888-9358,1968/04/08,M,U,$2y$10$54/HMen7aUmauNMLjzkA7uMCW93pccpB9nuB0FgTdubsKJbDGkfqe,2022/12/14 00:00:00,0,2022/12/14 00:00:00
206,Wang Hampton,wanghampton@gmail.com,1-815-307-6600,1979/01/29,F,U,$2y$10$54/HMen7aUmauNMLjzkA7uMCW93pccpB9nuB0FgTdubsKJbDGkfqe,2022/12/14 00:00:00,0,2022/12/14 00:00:00
207,Cole Raymond,coleraymond4186@gmail.com,467-2253,1985/05/31,M,U,$2y$10$54/HMen7aUmauNMLjzkA7uMCW93pccpB9nuB0FgTdubsKJbDGkfqe,2022/12/14 00:00:00,0,2022/12/14 00:00:00
208,Nolan Holt,nolanholt8082@gmail.com,1-967-362-9919,1934/03/21,M,U,$2y$10$54/HMen7aUmauNMLjzkA7uMCW93pccpB9nuB0FgTdubsKJbDGkfqe,2022/12/14 00:00:00,0,2022/12/14 00:00:00
209,Tiger Young,tigeryoung1613@gmail.com,433-9490,1980/10/12,M,U,$2y$10$54/HMen7aUmauNMLjzkA7uMCW93pccpB9nuB0FgTdubsKJbDGkfqe,2022/12/14 00:00:00,0,2022/12/14 00:00:00
210,Dara Riddle,darariddle@gmail.com,1-143-881-9568,1959/04/26,M,U,$2y$10$54/HMen7aUmauNMLjzkA7uMCW93pccpB9nuB0FgTdubsKJbDGkfqe,2022/12/14 00:00:00,0,2022/12/14 00:00:00
211,Nora Lindsay,noralindsay@gmail.com,794-6776,1927/06/25,F,U,$2y$10$54/HMen7aUmauNMLjzkA7uMCW93pccpB9nuB0FgTdubsKJbDGkfqe,2022/12/14 00:00:00,0,2022/12/14 00:00:00
212,Xander Pollard,xanderpollard7128@gmail.com,323-2673,2006/02/28,F,U,$2y$10$54/HMen7aUmauNMLjzkA7uMCW93pccpB9nuB0FgTdubsKJbDGkfqe,2022/12/14 00:00:00,0,2022/12/14 00:00:00
213,Keaton Owen,keatonowen@gmail.com,1-688-221-4745,2001/08/30,M,U,$2y$10$54/HMen7aUmauNMLjzkA7uMCW93pccpB9nuB0FgTdubsKJbDGkfqe,2022/12/14 00:00:00,0,2022/12/14 00:00:00
214,Paul Larsen,paullarsen@gmail.com,726-6465,1999/02/09,F,U,$2y$10$54/HMen7aUmauNMLjzkA7uMCW93pccpB9nuB0FgTdubsKJbDGkfqe,2022/12/14 00:00:00,0,2022/12/14 00:00:00
215,Galvin Woods,galvinwoods@gmail.com,1-142-855-6821,1995/09/23,M,U,$2y$10$54/HMen7aUmauNMLjzkA7uMCW93pccpB9nuB0FgTdubsKJbDGkfqe,2022/12/14 00:00:00,0,2022/12/14 00:00:00
216,Lacy Hebert,lacyhebert8786@gmail.com,134-3498,1980/06/11,M,U,$2y$10$54/HMen7aUmauNMLjzkA7uMCW93pccpB9nuB0FgTdubsKJbDGkfqe,2022/12/14 00:00:00,0,2022/12/14 00:00:00
217,Louis Perez,louisperez@gmail.com,117-2167,1949/04/30,F,U,$2y$10$54/HMen7aUmauNMLjzkA7uMCW93pccpB9nuB0FgTdubsKJbDGkfqe,2022/12/14 00:00:00,0,2022/12/14 00:00:00
218,Aiko Conner,aikoconner@gmail.com,1-284-229-1524,1927/04/08,M,U,$2y$10$54/HMen7aUmauNMLjzkA7uMCW93pccpB9nuB0FgTdubsKJbDGkfqe,2022/12/14 00:00:00,0,2022/12/14 00:00:00
219,Macy Rutledge,macyrutledge@gmail.com,721-9056,1986/10/25,M,U,$2y$10$54/HMen7aUmauNMLjzkA7uMCW93pccpB9nuB0FgTdubsKJbDGkfqe,2022/12/14 00:00:00,0,2022/12/14 00:00:00
220,Emily Benson,emilybenson5696@gmail.com,418-5746,2002/02/04,M,U,$2y$10$54/HMen7aUmauNMLjzkA7uMCW93pccpB9nuB0FgTdubsKJbDGkfqe,2022/12/14 00:00:00,0,2022/12/14 00:00:00
221,Lunea Preston,luneapreston@gmail.com,620-2338,2006/10/31,N,U,$2y$10$54/HMen7aUmauNMLjzkA7uMCW93pccpB9nuB0FgTdubsKJbDGkfqe,2022/12/14 00:00:00,0,2022/12/14 00:00:00
222,Yardley Jenkins,yardleyjenkins3386@gmail.com,867-0151,2000/03/17,M,U,$2y$10$54/HMen7aUmauNMLjzkA7uMCW93pccpB9nuB0FgTdubsKJbDGkfqe,2022/12/14 00:00:00,0,2022/12/14 00:00:00
223,Matthew Mays,matthewmays6736@gmail.com,645-1411,1953/07/31,F,U,$2y$10$54/HMen7aUmauNMLjzkA7uMCW93pccpB9nuB0FgTdubsKJbDGkfqe,2022/12/14 00:00:00,0,2022/12/14 00:00:00
224,Naida Dodson,naidadodson4493@gmail.com,1-820-954-4353,2000/07/07,M,U,$2y$10$54/HMen7aUmauNMLjzkA7uMCW93pccpB9nuB0FgTdubsKJbDGkfqe,2022/12/14 00:00:00,0,2022/12/14 00:00:00
225,Honorato Eaton,honoratoeaton2716@gmail.com,386-0243,1995/07/12,M,U,$2y$10$54/HMen7aUmauNMLjzkA7uMCW93pccpB9nuB0FgTdubsKJbDGkfqe,2022/12/14 00:00:00,0,2022/12/14 00:00:00
226,Yoshi Buck,yoshibuck5604@gmail.com,1-136-577-8725,1979/01/17,M,U,$2y$10$54/HMen7aUmauNMLjzkA7uMCW93pccpB9nuB0FgTdubsKJbDGkfqe,2022/12/14 00:00:00,0,2022/12/14 00:00:00
227,Robert Kane,robertkane5728@gmail.com,1-552-245-7486,1942/08/17,M,U,$2y$10$54/HMen7aUmauNMLjzkA7uMCW93pccpB9nuB0FgTdubsKJbDGkfqe,2022/12/14 00:00:00,0,2022/12/14 00:00:00
228,Merritt Cleveland,merrittcleveland7042@gmail.com,203-5438,1920/10/19,F,U,$2y$10$54/HMen7aUmauNMLjzkA7uMCW93pccpB9nuB0FgTdubsKJbDGkfqe,2022/12/14 00:00:00,0,2022/12/14 00:00:00
229,Emmanuel Dyer,emmanueldyer8256@gmail.com,714-2067,1956/10/12,F,U,$2y$10$54/HMen7aUmauNMLjzkA7uMCW93pccpB9nuB0FgTdubsKJbDGkfqe,2022/12/14 00:00:00,0,2022/12/14 00:00:00
230,Lucian Jacobson,lucianjacobson1000@gmail.com,280-9803,1946/10/11,M,U,$2y$10$54/HMen7aUmauNMLjzkA7uMCW93pccpB9nuB0FgTdubsKJbDGkfqe,2022/12/14 00:00:00,0,2022/12/14 00:00:00
231,Beck Cruz,beckcruz8411@gmail.com,1-726-752-9340,1949/10/08,F,U,$2y$10$54/HMen7aUmauNMLjzkA7uMCW93pccpB9nuB0FgTdubsKJbDGkfqe,2022/12/14 00:00:00,0,2022/12/14 00:00:00
232,Britanney Dillon,britanneydillon@gmail.com,837-4463,1947/03/31,M,U,$2y$10$54/HMen7aUmauNMLjzkA7uMCW93pccpB9nuB0FgTdubsKJbDGkfqe,2022/12/14 00:00:00,0,2022/12/14 00:00:00
233,Hunter Burton,hunterburton@gmail.com,687-7364,1978/04/09,M,U,$2y$10$54/HMen7aUmauNMLjzkA7uMCW93pccpB9nuB0FgTdubsKJbDGkfqe,2022/12/14 00:00:00,0,2022/12/14 00:00:00
234,Ivor Gardner,ivorgardner@gmail.com,305-5841,1926/06/15,F,U,$2y$10$54/HMen7aUmauNMLjzkA7uMCW93pccpB9nuB0FgTdubsKJbDGkfqe,2022/12/14 00:00:00,0,2022/12/14 00:00:00
235,Evangeline Hess,evangelinehess@gmail.com,337-3821,1926/06/26,M,U,$2y$10$54/HMen7aUmauNMLjzkA7uMCW93pccpB9nuB0FgTdubsKJbDGkfqe,2022/12/14 00:00:00,0,2022/12/14 00:00:00
236,Sonia Gilliam,soniagilliam3382@gmail.com,1-202-455-8187,1996/11/04,M,U,$2y$10$54/HMen7aUmauNMLjzkA7uMCW93pccpB9nuB0FgTdubsKJbDGkfqe,2022/12/14 00:00:00,0,2022/12/14 00:00:00
237,Geraldine Mendez,geraldinemendez9062@gmail.com,155-9621,1987/09/17,M,U,$2y$10$54/HMen7aUmauNMLjzkA7uMCW93pccpB9nuB0FgTdubsKJbDGkfqe,2022/12/14 00:00:00,0,2022/12/14 00:00:00
238,Ali Nielsen,alinielsen7833@gmail.com,942-1847,1997/12/03,N,U,$2y$10$54/HMen7aUmauNMLjzkA7uMCW93pccpB9nuB0FgTdubsKJbDGkfqe,2022/12/14 00:00:00,0,2022/12/14 00:00:00
239,Irene Bowers,irenebowers@gmail.com,530-8205,2012/11/23,M,U,$2y$10$54/HMen7aUmauNMLjzkA7uMCW93pccpB9nuB0FgTdubsKJbDGkfqe,2022/12/14 00:00:00,0,2022/12/14 00:00:00
240,Naida Mckee,naidamckee@gmail.com,1-770-535-1376,1936/02/29,F,U,$2y$10$54/HMen7aUmauNMLjzkA7uMCW93pccpB9nuB0FgTdubsKJbDGkfqe,2022/12/14 00:00:00,0,2022/12/14 00:00:00
241,Ella Hoffman,ellahoffman6980@gmail.com,395-4953,1967/12/20,M,U,$2y$10$54/HMen7aUmauNMLjzkA7uMCW93pccpB9nuB0FgTdubsKJbDGkfqe,2022/12/14 00:00:00,0,2022/12/14 00:00:00
242,Ivor Crawford,ivorcrawford9361@gmail.com,271-6228,1970/01/08,M,U,$2y$10$54/HMen7aUmauNMLjzkA7uMCW93pccpB9nuB0FgTdubsKJbDGkfqe,2022/12/14 00:00:00,0,2022/12/14 00:00:00
243,Elmo Merrill,elmomerrill@gmail.com,817-5325,1981/06/22,M,U,$2y$10$54/HMen7aUmauNMLjzkA7uMCW93pccpB9nuB0FgTdubsKJbDGkfqe,2022/12/14 00:00:00,0,2022/12/14 00:00:00
244,Blake Cohen,blakecohen@gmail.com,923-8576,1949/01/24,M,U,$2y$10$54/HMen7aUmauNMLjzkA7uMCW93pccpB9nuB0FgTdubsKJbDGkfqe,2022/12/14 00:00:00,0,2022/12/14 00:00:00
245,Ignacia Pitts,ignaciapitts8840@gmail.com,945-8594,2009/10/18,F,U,$2y$10$54/HMen7aUmauNMLjzkA7uMCW93pccpB9nuB0FgTdubsKJbDGkfqe,2022/12/14 00:00:00,0,2022/12/14 00:00:00
246,Mannix Velasquez,mannixvelasquez9141@gmail.com,1-834-936-6585,1960/02/03,F,U,$2y$10$54/HMen7aUmauNMLjzkA7uMCW93pccpB9nuB0FgTdubsKJbDGkfqe,2022/12/14 00:00:00,0,2022/12/14 00:00:00
247,Marcia Thornton,marciathornton8868@gmail.com,582-7533,1947/05/07,M,U,$2y$10$54/HMen7aUmauNMLjzkA7uMCW93pccpB9nuB0FgTdubsKJbDGkfqe,2022/12/14 00:00:00,0,2022/12/14 00:00:00
248,Wang Fleming,wangfleming@gmail.com,241-7126,1973/05/30,F,U,$2y$10$54/HMen7aUmauNMLjzkA7uMCW93pccpB9nuB0FgTdubsKJbDGkfqe,2022/12/14 00:00:00,0,2022/12/14 00:00:00
249,Lucy Lloyd,lucylloyd@gmail.com,1-436-876-4784,1949/11/23,M,U,$2y$10$54/HMen7aUmauNMLjzkA7uMCW93pccpB9nuB0FgTdubsKJbDGkfqe,2022/12/14 00:00:00,0,2022/12/14 00:00:00
250,Isadora Wallace,isadorawallace2966@gmail.com,1-597-558-6571,1954/09/18,M,U,$2y$10$54/HMen7aUmauNMLjzkA7uMCW93pccpB9nuB0FgTdubsKJbDGkfqe,2022/12/14 00:00:00,0,2022/12/14 00:00:00
251,Carter Francis,carterfrancis4195@gmail.com,1-661-489-8328,1972/03/15,F,U,$2y$10$54/HMen7aUmauNMLjzkA7uMCW93pccpB9nuB0FgTdubsKJbDGkfqe,2022/12/14 00:00:00,0,2022/12/14 00:00:00
252,Duncan Williamson,duncanwilliamson@gmail.com,403-9055,1957/09/23,M,U,$2y$10$54/HMen7aUmauNMLjzkA7uMCW93pccpB9nuB0FgTdubsKJbDGkfqe,2022/12/14 00:00:00,0,2022/12/14 00:00:00
253,Oscar Greene,oscargreene21@gmail.com,1-135-760-7347,2015/09/07,M,U,$2y$10$54/HMen7aUmauNMLjzkA7uMCW93pccpB9nuB0FgTdubsKJbDGkfqe,2022/12/14 00:00:00,0,2022/12/14 00:00:00
254,Herman Franks,hermanfranks806@gmail.com,862-8060,1996/02/25,M,U,$2y$10$54/HMen7aUmauNMLjzkA7uMCW93pccpB9nuB0FgTdubsKJbDGkfqe,2022/12/14 00:00:00,0,2022/12/14 00:00:00
255,Pandora Horne,pandorahorne@gmail.com,1-906-846-3644,1934/09/16,N,U,$2y$10$54/HMen7aUmauNMLjzkA7uMCW93pccpB9nuB0FgTdubsKJbDGkfqe,2022/12/14 00:00:00,0,2022/12/14 00:00:00
256,Jason Bush,jasonbush@gmail.com,886-7817,1996/07/26,M,U,$2y$10$54/HMen7aUmauNMLjzkA7uMCW93pccpB9nuB0FgTdubsKJbDGkfqe,2022/12/14 00:00:00,0,2022/12/14 00:00:00
257,Tanner Atkinson,tanneratkinson1108@gmail.com,789-8268,1998/07/22,F,U,$2y$10$54/HMen7aUmauNMLjzkA7uMCW93pccpB9nuB0FgTdubsKJbDGkfqe,2022/12/14 00:00:00,0,2022/12/14 00:00:00
258,Melinda Pace,melindapace@gmail.com,1-535-414-0456,1941/07/01,M,U,$2y$10$54/HMen7aUmauNMLjzkA7uMCW93pccpB9nuB0FgTdubsKJbDGkfqe,2022/12/14 00:00:00,0,2022/12/14 00:00:00
259,Basia Delaney,basiadelaney1941@gmail.com,890-4495,1965/12/25,M,U,$2y$10$54/HMen7aUmauNMLjzkA7uMCW93pccpB9nuB0FgTdubsKJbDGkfqe,2022/12/14 00:00:00,0,2022/12/14 00:00:00
260,Ruth Grant,ruthgrant@gmail.com,1-467-697-2917,2012/12/15,M,U,$2y$10$54/HMen7aUmauNMLjzkA7uMCW93pccpB9nuB0FgTdubsKJbDGkfqe,2022/12/14 00:00:00,0,2022/12/14 00:00:00
261,Keiko Potts,keikopotts6867@gmail.com,1-262-674-4372,1974/08/25,M,U,$2y$10$54/HMen7aUmauNMLjzkA7uMCW93pccpB9nuB0FgTdubsKJbDGkfqe,2022/12/14 00:00:00,0,2022/12/14 00:00:00
262,April Petersen,aprilpetersen@gmail.com,1-821-167-1408,1981/01/17,F,U,$2y$10$54/HMen7aUmauNMLjzkA7uMCW93pccpB9nuB0FgTdubsKJbDGkfqe,2022/12/14 00:00:00,0,2022/12/14 00:00:00
263,Judith Puckett,judithpuckett@gmail.com,1-855-767-2663,1947/08/06,F,U,$2y$10$54/HMen7aUmauNMLjzkA7uMCW93pccpB9nuB0FgTdubsKJbDGkfqe,2022/12/14 00:00:00,0,2022/12/14 00:00:00
264,Graiden Bryant,graidenbryant@gmail.com,1-391-647-2652,1987/09/07,M,U,$2y$10$54/HMen7aUmauNMLjzkA7uMCW93pccpB9nuB0FgTdubsKJbDGkfqe,2022/12/14 00:00:00,0,2022/12/14 00:00:00
265,Hadassah Mccoy,hadassahmccoy1224@gmail.com,1-774-601-6473,1966/05/06,F,U,$2y$10$54/HMen7aUmauNMLjzkA7uMCW93pccpB9nuB0FgTdubsKJbDGkfqe,2022/12/14 00:00:00,0,2022/12/14 00:00:00
266,April Boyle,aprilboyle@gmail.com,632-2170,1931/01/13,M,U,$2y$10$54/HMen7aUmauNMLjzkA7uMCW93pccpB9nuB0FgTdubsKJbDGkfqe,2022/12/14 00:00:00,0,2022/12/14 00:00:00
267,Lamar Irwin,lamarirwin6048@gmail.com,235-5201,1940/10/29,M,U,$2y$10$54/HMen7aUmauNMLjzkA7uMCW93pccpB9nuB0FgTdubsKJbDGkfqe,2022/12/14 00:00:00,0,2022/12/14 00:00:00
268,Lane Butler,lanebutler5725@gmail.com,1-565-775-3478,2009/08/27,F,U,$2y$10$54/HMen7aUmauNMLjzkA7uMCW93pccpB9nuB0FgTdubsKJbDGkfqe,2022/12/14 00:00:00,0,2022/12/14 00:00:00
269,Cadman Wolf,cadmanwolf@gmail.com,1-422-863-2633,1937/07/06,M,U,$2y$10$54/HMen7aUmauNMLjzkA7uMCW93pccpB9nuB0FgTdubsKJbDGkfqe,2022/12/14 00:00:00,0,2022/12/14 00:00:00
270,Dale Christian,dalechristian1940@gmail.com,386-9855,1921/08/02,M,U,$2y$10$54/HMen7aUmauNMLjzkA7uMCW93pccpB9nuB0FgTdubsKJbDGkfqe,2022/12/14 00:00:00,0,2022/12/14 00:00:00
271,Tatyana Summers,tatyanasummers9541@gmail.com,1-469-874-2217,1987/11/25,M,U,$2y$10$54/HMen7aUmauNMLjzkA7uMCW93pccpB9nuB0FgTdubsKJbDGkfqe,2022/12/14 00:00:00,0,2022/12/14 00:00:00
272,Roary Ruiz,roaryruiz8833@gmail.com,1-300-622-7346,1956/06/01,N,U,$2y$10$54/HMen7aUmauNMLjzkA7uMCW93pccpB9nuB0FgTdubsKJbDGkfqe,2022/12/14 00:00:00,0,2022/12/14 00:00:00
273,Benedict Jarvis,benedictjarvis690@gmail.com,543-5222,2007/04/04,M,U,$2y$10$54/HMen7aUmauNMLjzkA7uMCW93pccpB9nuB0FgTdubsKJbDGkfqe,2022/12/14 00:00:00,0,2022/12/14 00:00:00
274,Octavia Ramsey,octaviaramsey6502@gmail.com,686-5304,1983/05/02,F,U,$2y$10$54/HMen7aUmauNMLjzkA7uMCW93pccpB9nuB0FgTdubsKJbDGkfqe,2022/12/14 00:00:00,0,2022/12/14 00:00:00
275,Carl Wright,carlwright2278@gmail.com,324-1838,1929/01/15,M,U,$2y$10$54/HMen7aUmauNMLjzkA7uMCW93pccpB9nuB0FgTdubsKJbDGkfqe,2022/12/14 00:00:00,0,2022/12/14 00:00:00
276,Nissim Vinson,nissimvinson7353@gmail.com,695-8607,1975/08/01,M,U,$2y$10$54/HMen7aUmauNMLjzkA7uMCW93pccpB9nuB0FgTdubsKJbDGkfqe,2022/12/14 00:00:00,0,2022/12/14 00:00:00
277,Megan House,meganhouse4641@gmail.com,284-8768,1952/11/14,M,U,$2y$10$54/HMen7aUmauNMLjzkA7uMCW93pccpB9nuB0FgTdubsKJbDGkfqe,2022/12/14 00:00:00,0,2022/12/14 00:00:00
278,Ulla Noble,ullanoble@gmail.com,1-563-417-9807,1926/10/15,M,U,$2y$10$54/HMen7aUmauNMLjzkA7uMCW93pccpB9nuB0FgTdubsKJbDGkfqe,2022/12/14 00:00:00,0,2022/12/14 00:00:00
279,May Walker,maywalker9926@gmail.com,1-567-186-5169,2007/11/05,F,U,$2y$10$54/HMen7aUmauNMLjzkA7uMCW93pccpB9nuB0FgTdubsKJbDGkfqe,2022/12/14 00:00:00,0,2022/12/14 00:00:00
280,Austin Garner,austingarner@gmail.com,786-5173,1933/10/07,F,U,$2y$10$54/HMen7aUmauNMLjzkA7uMCW93pccpB9nuB0FgTdubsKJbDGkfqe,2022/12/14 00:00:00,0,2022/12/14 00:00:00
281,Keiko Crawford,keikocrawford@gmail.com,463-2291,1991/03/30,M,U,$2y$10$54/HMen7aUmauNMLjzkA7uMCW93pccpB9nuB0FgTdubsKJbDGkfqe,2022/12/14 00:00:00,0,2022/12/14 00:00:00
282,Garth Lambert,garthlambert@gmail.com,541-2789,1978/12/03,F,U,$2y$10$54/HMen7aUmauNMLjzkA7uMCW93pccpB9nuB0FgTdubsKJbDGkfqe,2022/12/14 00:00:00,0,2022/12/14 00:00:00
283,Francesca Gillespie,francescagillespie270@gmail.com,1-321-788-4372,1946/03/16,M,U,$2y$10$54/HMen7aUmauNMLjzkA7uMCW93pccpB9nuB0FgTdubsKJbDGkfqe,2022/12/14 00:00:00,0,2022/12/14 00:00:00
284,Ramona Castillo,ramonacastillo9162@gmail.com,1-551-945-0651,1993/02/11,M,U,$2y$10$54/HMen7aUmauNMLjzkA7uMCW93pccpB9nuB0FgTdubsKJbDGkfqe,2022/12/14 00:00:00,0,2022/12/14 00:00:00
285,Shaine Rhodes,shainerhodes@gmail.com,1-548-384-7664,1940/05/04,F,U,$2y$10$54/HMen7aUmauNMLjzkA7uMCW93pccpB9nuB0FgTdubsKJbDGkfqe,2022/12/14 00:00:00,0,2022/12/14 00:00:00
286,Carlos Wynn,carloswynn@gmail.com,436-8679,1996/07/29,M,U,$2y$10$54/HMen7aUmauNMLjzkA7uMCW93pccpB9nuB0FgTdubsKJbDGkfqe,2022/12/14 00:00:00,0,2022/12/14 00:00:00
287,Azalia Conway,azaliaconway@gmail.com,475-3695,1947/01/01,M,U,$2y$10$54/HMen7aUmauNMLjzkA7uMCW93pccpB9nuB0FgTdubsKJbDGkfqe,2022/12/14 00:00:00,0,2022/12/14 00:00:00
288,Jaden Hubbard,jadenhubbard4770@gmail.com,641-3153,1992/01/27,M,U,$2y$10$54/HMen7aUmauNMLjzkA7uMCW93pccpB9nuB0FgTdubsKJbDGkfqe,2022/12/14 00:00:00,0,2022/12/14 00:00:00
289,Jescie Rowland,jescierowland5357@gmail.com,1-548-266-5757,2011/01/28,N,U,$2y$10$54/HMen7aUmauNMLjzkA7uMCW93pccpB9nuB0FgTdubsKJbDGkfqe,2022/12/14 00:00:00,0,2022/12/14 00:00:00
290,Leilani Roman,leilaniroman8304@gmail.com,686-3777,1989/08/20,M,U,$2y$10$54/HMen7aUmauNMLjzkA7uMCW93pccpB9nuB0FgTdubsKJbDGkfqe,2022/12/14 00:00:00,0,2022/12/14 00:00:00
291,Quintessa Flowers,quintessaflowers@gmail.com,352-4142,1991/03/15,F,U,$2y$10$54/HMen7aUmauNMLjzkA7uMCW93pccpB9nuB0FgTdubsKJbDGkfqe,2022/12/14 00:00:00,0,2022/12/14 00:00:00
292,Sopoline Nunez,sopolinenunez@gmail.com,768-0661,1984/04/04,M,U,$2y$10$54/HMen7aUmauNMLjzkA7uMCW93pccpB9nuB0FgTdubsKJbDGkfqe,2022/12/14 00:00:00,0,2022/12/14 00:00:00
293,Cain Mcintyre,cainmcintyre5237@gmail.com,315-6851,1994/07/09,M,U,$2y$10$54/HMen7aUmauNMLjzkA7uMCW93pccpB9nuB0FgTdubsKJbDGkfqe,2022/12/14 00:00:00,0,2022/12/14 00:00:00
294,Paul Cooper,paulcooper4095@gmail.com,1-639-181-5824,1977/08/04,M,U,$2y$10$54/HMen7aUmauNMLjzkA7uMCW93pccpB9nuB0FgTdubsKJbDGkfqe,2022/12/14 00:00:00,0,2022/12/14 00:00:00
295,Forrest Shaw,forrestshaw@gmail.com,1-631-425-5722,1944/10/24,M,U,$2y$10$54/HMen7aUmauNMLjzkA7uMCW93pccpB9nuB0FgTdubsKJbDGkfqe,2022/12/14 00:00:00,0,2022/12/14 00:00:00
296,Hayes Velazquez,hayesvelazquez4367@gmail.com,1-704-355-9164,1953/01/17,F,U,$2y$10$54/HMen7aUmauNMLjzkA7uMCW93pccpB9nuB0FgTdubsKJbDGkfqe,2022/12/14 00:00:00,0,2022/12/14 00:00:00
297,Neil Mejia,neilmejia1035@gmail.com,1-484-661-8077,1962/05/26,F,U,$2y$10$54/HMen7aUmauNMLjzkA7uMCW93pccpB9nuB0FgTdubsKJbDGkfqe,2022/12/14 00:00:00,0,2022/12/14 00:00:00
298,Nero Bruce,nerobruce@gmail.com,1-827-633-4755,1922/01/09,M,U,$2y$10$54/HMen7aUmauNMLjzkA7uMCW93pccpB9nuB0FgTdubsKJbDGkfqe,2022/12/14 00:00:00,0,2022/12/14 00:00:00
299,Haviva Hood,havivahood8571@gmail.com,628-6348,1978/11/14,F,U,$2y$10$54/HMen7aUmauNMLjzkA7uMCW93pccpB9nuB0FgTdubsKJbDGkfqe,2022/12/14 00:00:00,0,2022/12/14 00:00:00
300,Marny Schneider,marnyschneider@gmail.com,1-252-584-7481,1977/02/14,M,U,$2y$10$54/HMen7aUmauNMLjzkA7uMCW93pccpB9nuB0FgTdubsKJbDGkfqe,2022/12/14 00:00:00,0,2022/12/14 00:00:00
301,Carter Johnson,carterjohnson5740@gmail.com,632-3404,1934/06/27,M,U,$2y$10$54/HMen7aUmauNMLjzkA7uMCW93pccpB9nuB0FgTdubsKJbDGkfqe,2022/12/14 00:00:00,0,2022/12/14 00:00:00
302,Arden Hobbs,ardenhobbs@gmail.com,1-637-628-2751,1955/07/15,F,U,$2y$10$54/HMen7aUmauNMLjzkA7uMCW93pccpB9nuB0FgTdubsKJbDGkfqe,2022/12/14 00:00:00,0,2022/12/14 00:00:00
303,Skyler Schwartz,skylerschwartz296@gmail.com,307-9613,1959/07/30,M,U,$2y$10$54/HMen7aUmauNMLjzkA7uMCW93pccpB9nuB0FgTdubsKJbDGkfqe,2022/12/14 00:00:00,0,2022/12/14 00:00:00
304,Noah Barrett,noahbarrett9824@gmail.com,1-811-487-1385,2003/11/27,M,U,$2y$10$54/HMen7aUmauNMLjzkA7uMCW93pccpB9nuB0FgTdubsKJbDGkfqe,2022/12/14 00:00:00,0,2022/12/14 00:00:00
305,TaShya Sears,tashyasears@gmail.com,1-149-657-0033,1990/01/21,M,U,$2y$10$54/HMen7aUmauNMLjzkA7uMCW93pccpB9nuB0FgTdubsKJbDGkfqe,2022/12/14 00:00:00,0,2022/12/14 00:00:00
306,Armando Harper,armandoharper9055@gmail.com,1-272-295-8678,1993/02/18,N,U,$2y$10$54/HMen7aUmauNMLjzkA7uMCW93pccpB9nuB0FgTdubsKJbDGkfqe,2022/12/14 00:00:00,0,2022/12/14 00:00:00
307,Xaviera Foster,xavierafoster6490@gmail.com,628-4863,1997/10/17,M,U,$2y$10$54/HMen7aUmauNMLjzkA7uMCW93pccpB9nuB0FgTdubsKJbDGkfqe,2022/12/14 00:00:00,0,2022/12/14 00:00:00
308,Winifred Meyers,winifredmeyers6944@gmail.com,1-336-946-9346,1929/08/31,F,U,$2y$10$54/HMen7aUmauNMLjzkA7uMCW93pccpB9nuB0FgTdubsKJbDGkfqe,2022/12/14 00:00:00,0,2022/12/14 00:00:00
309,Octavia Burton,octaviaburton@gmail.com,1-427-551-5791,2001/01/30,M,U,$2y$10$54/HMen7aUmauNMLjzkA7uMCW93pccpB9nuB0FgTdubsKJbDGkfqe,2022/12/14 00:00:00,0,2022/12/14 00:00:00
310,Ronan Wright,ronanwright9719@gmail.com,161-7578,1930/10/17,M,U,$2y$10$54/HMen7aUmauNMLjzkA7uMCW93pccpB9nuB0FgTdubsKJbDGkfqe,2022/12/14 00:00:00,0,2022/12/14 00:00:00
311,Kiara Blanchard,kiarablanchard@gmail.com,825-4758,1949/11/15,M,U,$2y$10$54/HMen7aUmauNMLjzkA7uMCW93pccpB9nuB0FgTdubsKJbDGkfqe,2022/12/14 00:00:00,0,2022/12/14 00:00:00
312,Sarah Mckay,sarahmckay4142@gmail.com,1-722-948-8084,1951/12/26,M,U,$2y$10$54/HMen7aUmauNMLjzkA7uMCW93pccpB9nuB0FgTdubsKJbDGkfqe,2022/12/14 00:00:00,0,2022/12/14 00:00:00
313,Stuart Bryan,stuartbryan5188@gmail.com,322-5512,1936/06/01,F,U,$2y$10$54/HMen7aUmauNMLjzkA7uMCW93pccpB9nuB0FgTdubsKJbDGkfqe,2022/12/14 00:00:00,0,2022/12/14 00:00:00
314,Cadman Mccray,cadmanmccray@gmail.com,118-4365,1989/04/21,F,U,$2y$10$54/HMen7aUmauNMLjzkA7uMCW93pccpB9nuB0FgTdubsKJbDGkfqe,2022/12/14 00:00:00,0,2022/12/14 00:00:00
315,Zena Horne,zenahorne@gmail.com,610-6411,1990/01/22,M,U,$2y$10$54/HMen7aUmauNMLjzkA7uMCW93pccpB9nuB0FgTdubsKJbDGkfqe,2022/12/14 00:00:00,0,2022/12/14 00:00:00
316,Hedy Bailey,hedybailey@gmail.com,758-7958,1929/04/06,F,U,$2y$10$54/HMen7aUmauNMLjzkA7uMCW93pccpB9nuB0FgTdubsKJbDGkfqe,2022/12/14 00:00:00,0,2022/12/14 00:00:00
317,Barclay Raymond,barclayraymond@gmail.com,591-5392,1937/06/06,M,U,$2y$10$54/HMen7aUmauNMLjzkA7uMCW93pccpB9nuB0FgTdubsKJbDGkfqe,2022/12/14 00:00:00,0,2022/12/14 00:00:00
318,Shelby Mitchell,shelbymitchell6549@gmail.com,372-3746,1938/11/20,M,U,$2y$10$54/HMen7aUmauNMLjzkA7uMCW93pccpB9nuB0FgTdubsKJbDGkfqe,2022/12/14 00:00:00,0,2022/12/14 00:00:00
319,Wang Mooney,wangmooney7693@gmail.com,759-0031,1977/10/08,F,U,$2y$10$54/HMen7aUmauNMLjzkA7uMCW93pccpB9nuB0FgTdubsKJbDGkfqe,2022/12/14 00:00:00,0,2022/12/14 00:00:00
320,Cailin Wilkins,cailinwilkins@gmail.com,1-248-316-4338,1921/01/12,M,U,$2y$10$54/HMen7aUmauNMLjzkA7uMCW93pccpB9nuB0FgTdubsKJbDGkfqe,2022/12/14 00:00:00,0,2022/12/14 00:00:00
321,Quentin Bennett,quentinbennett@gmail.com,911-1855,1979/06/16,M,U,$2y$10$54/HMen7aUmauNMLjzkA7uMCW93pccpB9nuB0FgTdubsKJbDGkfqe,2022/12/14 00:00:00,0,2022/12/14 00:00:00
322,Tamara Barber,tamarabarber@gmail.com,1-562-513-3513,1949/06/17,M,U,$2y$10$54/HMen7aUmauNMLjzkA7uMCW93pccpB9nuB0FgTdubsKJbDGkfqe,2022/12/14 00:00:00,0,2022/12/14 00:00:00
323,Cassidy Davis,cassidydavis@gmail.com,346-5238,1971/03/02,N,U,$2y$10$54/HMen7aUmauNMLjzkA7uMCW93pccpB9nuB0FgTdubsKJbDGkfqe,2022/12/14 00:00:00,0,2022/12/14 00:00:00
324,Odysseus Kennedy,odysseuskennedy7652@gmail.com,674-6386,1956/05/21,M,U,$2y$10$54/HMen7aUmauNMLjzkA7uMCW93pccpB9nuB0FgTdubsKJbDGkfqe,2022/12/14 00:00:00,0,2022/12/14 00:00:00
325,Zephania Barrera,zephaniabarrera2294@gmail.com,138-1619,1933/11/10,F,U,$2y$10$54/HMen7aUmauNMLjzkA7uMCW93pccpB9nuB0FgTdubsKJbDGkfqe,2022/12/14 00:00:00,0,2022/12/14 00:00:00
326,Reagan Kirk,reagankirk744@gmail.com,1-789-337-9127,1962/11/09,M,U,$2y$10$54/HMen7aUmauNMLjzkA7uMCW93pccpB9nuB0FgTdubsKJbDGkfqe,2022/12/14 00:00:00,0,2022/12/14 00:00:00
327,Stewart Jensen,stewartjensen@gmail.com,1-629-754-4462,1938/03/13,M,U,$2y$10$54/HMen7aUmauNMLjzkA7uMCW93pccpB9nuB0FgTdubsKJbDGkfqe,2022/12/14 00:00:00,0,2022/12/14 00:00:00
328,Gail Case,gailcase5732@gmail.com,506-4921,2001/02/15,M,U,$2y$10$54/HMen7aUmauNMLjzkA7uMCW93pccpB9nuB0FgTdubsKJbDGkfqe,2022/12/14 00:00:00,0,2022/12/14 00:00:00
329,Aquila Gilliam,aquilagilliam@gmail.com,492-2225,1951/12/18,M,U,$2y$10$54/HMen7aUmauNMLjzkA7uMCW93pccpB9nuB0FgTdubsKJbDGkfqe,2022/12/14 00:00:00,0,2022/12/14 00:00:00
330,Brock Knox,brockknox4574@gmail.com,1-681-839-3294,1965/10/25,F,U,$2y$10$54/HMen7aUmauNMLjzkA7uMCW93pccpB9nuB0FgTdubsKJbDGkfqe,2022/12/14 00:00:00,0,2022/12/14 00:00:00
331,Lucius Harmon,luciusharmon@gmail.com,633-4135,2001/06/21,F,U,$2y$10$54/HMen7aUmauNMLjzkA7uMCW93pccpB9nuB0FgTdubsKJbDGkfqe,2022/12/14 00:00:00,0,2022/12/14 00:00:00
332,Cameran Case,camerancase4631@gmail.com,113-7841,1932/09/19,M,U,$2y$10$54/HMen7aUmauNMLjzkA7uMCW93pccpB9nuB0FgTdubsKJbDGkfqe,2022/12/14 00:00:00,0,2022/12/14 00:00:00
333,Acton Dickson,actondickson@gmail.com,1-533-979-0729,1991/03/25,F,U,$2y$10$54/HMen7aUmauNMLjzkA7uMCW93pccpB9nuB0FgTdubsKJbDGkfqe,2022/12/14 00:00:00,0,2022/12/14 00:00:00
334,Damon Newton,damonnewton@gmail.com,367-0573,1940/06/16,M,U,$2y$10$54/HMen7aUmauNMLjzkA7uMCW93pccpB9nuB0FgTdubsKJbDGkfqe,2022/12/14 00:00:00,0,2022/12/14 00:00:00
335,Brent Tyson,brenttyson@gmail.com,1-349-987-1881,1960/10/29,M,U,$2y$10$54/HMen7aUmauNMLjzkA7uMCW93pccpB9nuB0FgTdubsKJbDGkfqe,2022/12/14 00:00:00,0,2022/12/14 00:00:00
336,Garrison Thornton,garrisonthornton4566@gmail.com,478-2445,1974/04/18,F,U,$2y$10$54/HMen7aUmauNMLjzkA7uMCW93pccpB9nuB0FgTdubsKJbDGkfqe,2022/12/14 00:00:00,0,2022/12/14 00:00:00
337,Cairo Daniels,cairodaniels@gmail.com,1-262-172-7653,1933/04/07,M,U,$2y$10$54/HMen7aUmauNMLjzkA7uMCW93pccpB9nuB0FgTdubsKJbDGkfqe,2022/12/14 00:00:00,0,2022/12/14 00:00:00
338,Macaulay Harrell,macaulayharrell@gmail.com,1-719-863-8813,1981/08/12,M,U,$2y$10$54/HMen7aUmauNMLjzkA7uMCW93pccpB9nuB0FgTdubsKJbDGkfqe,2022/12/14 00:00:00,0,2022/12/14 00:00:00
339,Lars Bates,larsbates2034@gmail.com,1-200-526-1255,2012/12/28,M,U,$2y$10$54/HMen7aUmauNMLjzkA7uMCW93pccpB9nuB0FgTdubsKJbDGkfqe,2022/12/14 00:00:00,0,2022/12/14 00:00:00
340,Ingrid Craft,ingridcraft@gmail.com,1-434-655-5358,1927/07/29,N,U,$2y$10$54/HMen7aUmauNMLjzkA7uMCW93pccpB9nuB0FgTdubsKJbDGkfqe,2022/12/14 00:00:00,0,2022/12/14 00:00:00
341,Giacomo Eaton,giacomoeaton67@gmail.com,1-832-166-8426,1999/11/18,M,U,$2y$10$54/HMen7aUmauNMLjzkA7uMCW93pccpB9nuB0FgTdubsKJbDGkfqe,2022/12/14 00:00:00,0,2022/12/14 00:00:00
342,Raphael Castaneda,raphaelcastaneda@gmail.com,1-719-240-0547,1973/05/29,F,U,$2y$10$54/HMen7aUmauNMLjzkA7uMCW93pccpB9nuB0FgTdubsKJbDGkfqe,2022/12/14 00:00:00,0,2022/12/14 00:00:00
343,Hedda Grimes,heddagrimes@gmail.com,842-9493,1982/05/27,M,U,$2y$10$54/HMen7aUmauNMLjzkA7uMCW93pccpB9nuB0FgTdubsKJbDGkfqe,2022/12/14 00:00:00,0,2022/12/14 00:00:00
344,Brenda Bell,brendabell@gmail.com,1-577-675-2823,1935/09/17,M,U,$2y$10$54/HMen7aUmauNMLjzkA7uMCW93pccpB9nuB0FgTdubsKJbDGkfqe,2022/12/14 00:00:00,0,2022/12/14 00:00:00
345,Tasha Curtis,tashacurtis5348@gmail.com,1-474-553-7760,1967/12/08,M,U,$2y$10$54/HMen7aUmauNMLjzkA7uMCW93pccpB9nuB0FgTdubsKJbDGkfqe,2022/12/14 00:00:00,0,2022/12/14 00:00:00
346,Ulysses Dixon,ulyssesdixon@gmail.com,1-865-943-0397,2011/03/06,M,U,$2y$10$54/HMen7aUmauNMLjzkA7uMCW93pccpB9nuB0FgTdubsKJbDGkfqe,2022/12/14 00:00:00,0,2022/12/14 00:00:00
347,Rebecca Church,rebeccachurch@gmail.com,396-3770,1982/09/30,F,U,$2y$10$54/HMen7aUmauNMLjzkA7uMCW93pccpB9nuB0FgTdubsKJbDGkfqe,2022/12/14 00:00:00,0,2022/12/14 00:00:00
348,Abra Ray,abraray@gmail.com,405-4024,2015/05/09,F,U,$2y$10$54/HMen7aUmauNMLjzkA7uMCW93pccpB9nuB0FgTdubsKJbDGkfqe,2022/12/14 00:00:00,0,2022/12/14 00:00:00
349,Scarlett Riley,scarlettriley@gmail.com,1-737-685-1763,1970/08/05,M,U,$2y$10$54/HMen7aUmauNMLjzkA7uMCW93pccpB9nuB0FgTdubsKJbDGkfqe,2022/12/14 00:00:00,0,2022/12/14 00:00:00
350,Samantha Wong,samanthawong5067@gmail.com,425-8805,1956/11/18,F,U,$2y$10$54/HMen7aUmauNMLjzkA7uMCW93pccpB9nuB0FgTdubsKJbDGkfqe,2022/12/14 00:00:00,0,2022/12/14 00:00:00
351,Bernard Stone,bernardstone2451@gmail.com,215-2864,1976/01/16,M,U,$2y$10$54/HMen7aUmauNMLjzkA7uMCW93pccpB9nuB0FgTdubsKJbDGkfqe,2022/12/14 00:00:00,0,2022/12/14 00:00:00
352,Honorato Cochran,honoratocochran7495@gmail.com,357-9433,1985/07/01,M,U,$2y$10$54/HMen7aUmauNMLjzkA7uMCW93pccpB9nuB0FgTdubsKJbDGkfqe,2022/12/14 00:00:00,0,2022/12/14 00:00:00
353,Paki Mcfadden,pakimcfadden@gmail.com,1-226-673-1716,1949/06/11,F,U,$2y$10$54/HMen7aUmauNMLjzkA7uMCW93pccpB9nuB0FgTdubsKJbDGkfqe,2022/12/14 00:00:00,0,2022/12/14 00:00:00
354,Dustin Odom,dustinodom2459@gmail.com,1-481-553-6223,1953/02/18,M,U,$2y$10$54/HMen7aUmauNMLjzkA7uMCW93pccpB9nuB0FgTdubsKJbDGkfqe,2022/12/14 00:00:00,0,2022/12/14 00:00:00
355,Brendan Scott,brendanscott2688@gmail.com,573-7519,1998/08/20,M,U,$2y$10$54/HMen7aUmauNMLjzkA7uMCW93pccpB9nuB0FgTdubsKJbDGkfqe,2022/12/14 00:00:00,0,2022/12/14 00:00:00
356,Roanna Barlow,roannabarlow@gmail.com,1-952-373-7772,1958/01/08,M,U,$2y$10$54/HMen7aUmauNMLjzkA7uMCW93pccpB9nuB0FgTdubsKJbDGkfqe,2022/12/14 00:00:00,0,2022/12/14 00:00:00
357,Forrest Farley,forrestfarley@gmail.com,1-757-493-2616,1951/09/01,N,U,$2y$10$54/HMen7aUmauNMLjzkA7uMCW93pccpB9nuB0FgTdubsKJbDGkfqe,2022/12/14 00:00:00,0,2022/12/14 00:00:00
358,Jesse Nicholson,jessenicholson1472@gmail.com,1-214-898-4194,1950/10/07,M,U,$2y$10$54/HMen7aUmauNMLjzkA7uMCW93pccpB9nuB0FgTdubsKJbDGkfqe,2022/12/14 00:00:00,0,2022/12/14 00:00:00
359,Armand Haley,armandhaley4456@gmail.com,233-5457,1934/01/16,F,U,$2y$10$54/HMen7aUmauNMLjzkA7uMCW93pccpB9nuB0FgTdubsKJbDGkfqe,2022/12/14 00:00:00,0,2022/12/14 00:00:00
360,Alisa Chan,alisachan1763@gmail.com,1-418-859-8604,1964/03/01,M,U,$2y$10$54/HMen7aUmauNMLjzkA7uMCW93pccpB9nuB0FgTdubsKJbDGkfqe,2022/12/14 00:00:00,0,2022/12/14 00:00:00
361,Kirsten Stewart,kirstenstewart@gmail.com,630-6648,1965/09/16,M,U,$2y$10$54/HMen7aUmauNMLjzkA7uMCW93pccpB9nuB0FgTdubsKJbDGkfqe,2022/12/14 00:00:00,0,2022/12/14 00:00:00
362,Jillian Kline,jilliankline@gmail.com,1-758-883-8281,1957/12/05,M,U,$2y$10$54/HMen7aUmauNMLjzkA7uMCW93pccpB9nuB0FgTdubsKJbDGkfqe,2022/12/14 00:00:00,0,2022/12/14 00:00:00
363,Wyoming Ruiz,wyomingruiz@gmail.com,389-0458,1995/02/18,M,U,$2y$10$54/HMen7aUmauNMLjzkA7uMCW93pccpB9nuB0FgTdubsKJbDGkfqe,2022/12/14 00:00:00,0,2022/12/14 00:00:00
364,Aquila Guerra,aquilaguerra@gmail.com,161-1132,1947/04/08,F,U,$2y$10$54/HMen7aUmauNMLjzkA7uMCW93pccpB9nuB0FgTdubsKJbDGkfqe,2022/12/14 00:00:00,0,2022/12/14 00:00:00
365,Cairo Moss,cairomoss5603@gmail.com,1-728-725-0371,1958/09/07,F,U,$2y$10$54/HMen7aUmauNMLjzkA7uMCW93pccpB9nuB0FgTdubsKJbDGkfqe,2022/12/14 00:00:00,0,2022/12/14 00:00:00
366,Howard Mays,howardmays@gmail.com,668-7365,2004/09/27,M,U,$2y$10$54/HMen7aUmauNMLjzkA7uMCW93pccpB9nuB0FgTdubsKJbDGkfqe,2022/12/14 00:00:00,0,2022/12/14 00:00:00
367,Nora Mendez,noramendez7249@gmail.com,1-677-925-3791,1940/10/01,F,U,$2y$10$54/HMen7aUmauNMLjzkA7uMCW93pccpB9nuB0FgTdubsKJbDGkfqe,2022/12/14 00:00:00,0,2022/12/14 00:00:00
368,Karleigh Green,karleighgreen6127@gmail.com,1-641-337-6858,2008/11/16,M,U,$2y$10$54/HMen7aUmauNMLjzkA7uMCW93pccpB9nuB0FgTdubsKJbDGkfqe,2022/12/14 00:00:00,0,2022/12/14 00:00:00
369,Fitzgerald Richards,fitzgeraldrichards@gmail.com,1-888-359-4224,2007/09/24,M,U,$2y$10$54/HMen7aUmauNMLjzkA7uMCW93pccpB9nuB0FgTdubsKJbDGkfqe,2022/12/14 00:00:00,0,2022/12/14 00:00:00
370,Elliott Chaney,elliottchaney@gmail.com,1-323-371-2082,1923/01/11,F,U,$2y$10$54/HMen7aUmauNMLjzkA7uMCW93pccpB9nuB0FgTdubsKJbDGkfqe,2022/12/14 00:00:00,0,2022/12/14 00:00:00
371,Xenos Jarvis,xenosjarvis@gmail.com,1-724-876-1383,1956/09/28,M,U,$2y$10$54/HMen7aUmauNMLjzkA7uMCW93pccpB9nuB0FgTdubsKJbDGkfqe,2022/12/14 00:00:00,0,2022/12/14 00:00:00
372,September Steele,septembersteele@gmail.com,834-9546,1952/07/24,M,U,$2y$10$54/HMen7aUmauNMLjzkA7uMCW93pccpB9nuB0FgTdubsKJbDGkfqe,2022/12/14 00:00:00,0,2022/12/14 00:00:00
373,Colton Nelson,coltonnelson5236@gmail.com,234-8952,1959/09/07,M,U,$2y$10$54/HMen7aUmauNMLjzkA7uMCW93pccpB9nuB0FgTdubsKJbDGkfqe,2022/12/14 00:00:00,0,2022/12/14 00:00:00
374,Quintessa Fuller,quintessafuller@gmail.com,860-6975,1966/03/18,N,U,$2y$10$54/HMen7aUmauNMLjzkA7uMCW93pccpB9nuB0FgTdubsKJbDGkfqe,2022/12/14 00:00:00,0,2022/12/14 00:00:00
375,Ira O'connor,iraoconnor@gmail.com,1-335-825-3817,1958/03/16,M,U,$2y$10$54/HMen7aUmauNMLjzkA7uMCW93pccpB9nuB0FgTdubsKJbDGkfqe,2022/12/14 00:00:00,0,2022/12/14 00:00:00
376,Julian Mckee,julianmckee@gmail.com,835-6627,1973/11/11,F,U,$2y$10$54/HMen7aUmauNMLjzkA7uMCW93pccpB9nuB0FgTdubsKJbDGkfqe,2022/12/14 00:00:00,0,2022/12/14 00:00:00
377,Eric Ortiz,ericortiz3038@gmail.com,1-724-553-1344,2002/06/12,M,U,$2y$10$54/HMen7aUmauNMLjzkA7uMCW93pccpB9nuB0FgTdubsKJbDGkfqe,2022/12/14 00:00:00,0,2022/12/14 00:00:00
378,Cameron Malone,cameronmalone4016@gmail.com,1-951-264-0555,1926/09/13,M,U,$2y$10$54/HMen7aUmauNMLjzkA7uMCW93pccpB9nuB0FgTdubsKJbDGkfqe,2022/12/14 00:00:00,0,2022/12/14 00:00:00
379,Guy Perry,guyperry@gmail.com,874-4797,1988/08/19,M,U,$2y$10$54/HMen7aUmauNMLjzkA7uMCW93pccpB9nuB0FgTdubsKJbDGkfqe,2022/12/14 00:00:00,0,2022/12/14 00:00:00
380,Helen Roach,helenroach1825@gmail.com,1-239-734-6005,2011/08/18,M,U,$2y$10$54/HMen7aUmauNMLjzkA7uMCW93pccpB9nuB0FgTdubsKJbDGkfqe,2022/12/14 00:00:00,0,2022/12/14 00:00:00
381,Bree Sampson,breesampson@gmail.com,1-279-875-6766,1975/09/02,F,U,$2y$10$54/HMen7aUmauNMLjzkA7uMCW93pccpB9nuB0FgTdubsKJbDGkfqe,2022/12/14 00:00:00,0,2022/12/14 00:00:00
382,Laith Oneil,laithoneil@gmail.com,1-406-214-1262,1938/02/14,F,U,$2y$10$54/HMen7aUmauNMLjzkA7uMCW93pccpB9nuB0FgTdubsKJbDGkfqe,2022/12/14 00:00:00,0,2022/12/14 00:00:00
383,Uriel Aguirre,urielaguirre@gmail.com,461-2820,2011/05/03,M,U,$2y$10$54/HMen7aUmauNMLjzkA7uMCW93pccpB9nuB0FgTdubsKJbDGkfqe,2022/12/14 00:00:00,0,2022/12/14 00:00:00
384,Kasper Brennan,kasperbrennan@gmail.com,992-7654,1938/05/12,F,U,$2y$10$54/HMen7aUmauNMLjzkA7uMCW93pccpB9nuB0FgTdubsKJbDGkfqe,2022/12/14 00:00:00,0,2022/12/14 00:00:00
385,Noel Chandler,noelchandler@gmail.com,574-6563,1977/11/19,M,U,$2y$10$54/HMen7aUmauNMLjzkA7uMCW93pccpB9nuB0FgTdubsKJbDGkfqe,2022/12/14 00:00:00,0,2022/12/14 00:00:00
386,Jennifer Fleming,jenniferfleming7545@gmail.com,661-7615,1936/06/10,M,U,$2y$10$54/HMen7aUmauNMLjzkA7uMCW93pccpB9nuB0FgTdubsKJbDGkfqe,2022/12/14 00:00:00,0,2022/12/14 00:00:00
387,Marsden Maxwell,marsdenmaxwell2135@gmail.com,1-345-673-5107,2007/01/10,F,U,$2y$10$54/HMen7aUmauNMLjzkA7uMCW93pccpB9nuB0FgTdubsKJbDGkfqe,2022/12/14 00:00:00,0,2022/12/14 00:00:00
388,Sierra Rhodes,sierrarhodes6403@gmail.com,1-437-972-0578,1966/11/15,M,U,$2y$10$54/HMen7aUmauNMLjzkA7uMCW93pccpB9nuB0FgTdubsKJbDGkfqe,2022/12/14 00:00:00,0,2022/12/14 00:00:00
389,Brennan David,brennandavid7943@gmail.com,1-515-235-9610,1922/05/24,M,U,$2y$10$54/HMen7aUmauNMLjzkA7uMCW93pccpB9nuB0FgTdubsKJbDGkfqe,2022/12/14 00:00:00,0,2022/12/14 00:00:00
390,Acton Chang,actonchang@gmail.com,434-7353,2002/11/05,M,U,$2y$10$54/HMen7aUmauNMLjzkA7uMCW93pccpB9nuB0FgTdubsKJbDGkfqe,2022/12/14 00:00:00,0,2022/12/14 00:00:00
391,Alma Ward,almaward4240@gmail.com,1-366-209-2201,2013/03/07,N,U,$2y$10$54/HMen7aUmauNMLjzkA7uMCW93pccpB9nuB0FgTdubsKJbDGkfqe,2022/12/14 00:00:00,0,2022/12/14 00:00:00
392,Indira Whitfield,indirawhitfield@gmail.com,249-7471,1952/01/06,M,U,$2y$10$54/HMen7aUmauNMLjzkA7uMCW93pccpB9nuB0FgTdubsKJbDGkfqe,2022/12/14 00:00:00,0,2022/12/14 00:00:00
393,Emerson Sykes,emersonsykes@gmail.com,1-490-176-1281,1957/05/22,F,U,$2y$10$54/HMen7aUmauNMLjzkA7uMCW93pccpB9nuB0FgTdubsKJbDGkfqe,2022/12/14 00:00:00,0,2022/12/14 00:00:00
394,Hamilton Mendoza,hamiltonmendoza@gmail.com,1-498-124-5947,1948/10/10,M,U,$2y$10$54/HMen7aUmauNMLjzkA7uMCW93pccpB9nuB0FgTdubsKJbDGkfqe,2022/12/14 00:00:00,0,2022/12/14 00:00:00
395,Edan Ballard,edanballard5453@gmail.com,1-706-305-8919,1995/12/09,M,U,$2y$10$54/HMen7aUmauNMLjzkA7uMCW93pccpB9nuB0FgTdubsKJbDGkfqe,2022/12/14 00:00:00,0,2022/12/14 00:00:00
396,Ariel Knox,arielknox@gmail.com,681-8127,1954/08/02,M,U,$2y$10$54/HMen7aUmauNMLjzkA7uMCW93pccpB9nuB0FgTdubsKJbDGkfqe,2022/12/14 00:00:00,0,2022/12/14 00:00:00
397,Eaton Rasmussen,eatonrasmussen@gmail.com,1-883-841-4481,2015/12/23,M,U,$2y$10$54/HMen7aUmauNMLjzkA7uMCW93pccpB9nuB0FgTdubsKJbDGkfqe,2022/12/14 00:00:00,0,2022/12/14 00:00:00
398,Luke Lyons,lukelyons@gmail.com,1-738-166-1295,1962/01/09,F,U,$2y$10$54/HMen7aUmauNMLjzkA7uMCW93pccpB9nuB0FgTdubsKJbDGkfqe,2022/12/14 00:00:00,0,2022/12/14 00:00:00
399,Nerea Parker,nereaparker8780@gmail.com,230-8721,1970/07/24,F,U,$2y$10$54/HMen7aUmauNMLjzkA7uMCW93pccpB9nuB0FgTdubsKJbDGkfqe,2022/12/14 00:00:00,0,2022/12/14 00:00:00
400,Ezra Blanchard,ezrablanchard1235@gmail.com,705-8227,2004/11/22,M,U,$2y$10$54/HMen7aUmauNMLjzkA7uMCW93pccpB9nuB0FgTdubsKJbDGkfqe,2022/12/14 00:00:00,0,2022/12/14 00:00:00
401,Latifah Huffman,latifahhuffman9702@gmail.com,1-280-705-8948,1934/03/11,F,U,$2y$10$54/HMen7aUmauNMLjzkA7uMCW93pccpB9nuB0FgTdubsKJbDGkfqe,2022/12/14 00:00:00,0,2022/12/14 00:00:00
402,Kato Sutton,katosutton@gmail.com,1-326-190-4743,2002/05/24,M,U,$2y$10$54/HMen7aUmauNMLjzkA7uMCW93pccpB9nuB0FgTdubsKJbDGkfqe,2022/12/14 00:00:00,0,2022/12/14 00:00:00
403,Alana Richard,alanarichard7637@gmail.com,822-1751,1980/03/20,M,U,$2y$10$54/HMen7aUmauNMLjzkA7uMCW93pccpB9nuB0FgTdubsKJbDGkfqe,2022/12/14 00:00:00,0,2022/12/14 00:00:00
404,Avye Holcomb,avyeholcomb@gmail.com,444-1275,1998/08/20,F,U,$2y$10$54/HMen7aUmauNMLjzkA7uMCW93pccpB9nuB0FgTdubsKJbDGkfqe,2022/12/14 00:00:00,0,2022/12/14 00:00:00
405,Vernon Leblanc,vernonleblanc9438@gmail.com,581-1633,1930/04/01,M,U,$2y$10$54/HMen7aUmauNMLjzkA7uMCW93pccpB9nuB0FgTdubsKJbDGkfqe,2022/12/14 00:00:00,0,2022/12/14 00:00:00
406,Graiden Dorsey,graidendorsey@gmail.com,1-291-721-3759,1974/05/30,M,U,$2y$10$54/HMen7aUmauNMLjzkA7uMCW93pccpB9nuB0FgTdubsKJbDGkfqe,2022/12/14 00:00:00,0,2022/12/14 00:00:00
407,Madonna Mckinney,madonnamckinney8734@gmail.com,622-9355,1980/02/08,M,U,$2y$10$54/HMen7aUmauNMLjzkA7uMCW93pccpB9nuB0FgTdubsKJbDGkfqe,2022/12/14 00:00:00,0,2022/12/14 00:00:00
408,Scarlet Burt,scarletburt4275@gmail.com,772-0213,1962/05/03,N,U,$2y$10$54/HMen7aUmauNMLjzkA7uMCW93pccpB9nuB0FgTdubsKJbDGkfqe,2022/12/14 00:00:00,0,2022/12/14 00:00:00
409,Ayanna Clarke,ayannaclarke@gmail.com,672-6136,2011/11/01,M,U,$2y$10$54/HMen7aUmauNMLjzkA7uMCW93pccpB9nuB0FgTdubsKJbDGkfqe,2022/12/14 00:00:00,0,2022/12/14 00:00:00
410,Daphne Snow,daphnesnow@gmail.com,1-841-753-4712,1968/01/08,F,U,$2y$10$54/HMen7aUmauNMLjzkA7uMCW93pccpB9nuB0FgTdubsKJbDGkfqe,2022/12/14 00:00:00,0,2022/12/14 00:00:00
411,Cade Lee,cadelee312@gmail.com,1-384-576-4491,1974/03/23,M,U,$2y$10$54/HMen7aUmauNMLjzkA7uMCW93pccpB9nuB0FgTdubsKJbDGkfqe,2022/12/14 00:00:00,0,2022/12/14 00:00:00
412,Basil Mcbride,basilmcbride3487@gmail.com,1-566-411-4708,1951/06/06,M,U,$2y$10$54/HMen7aUmauNMLjzkA7uMCW93pccpB9nuB0FgTdubsKJbDGkfqe,2022/12/14 00:00:00,0,2022/12/14 00:00:00
413,Susan Tate,susantate@gmail.com,1-657-832-4787,1994/12/05,M,U,$2y$10$54/HMen7aUmauNMLjzkA7uMCW93pccpB9nuB0FgTdubsKJbDGkfqe,2022/12/14 00:00:00,0,2022/12/14 00:00:00
414,Aidan Ayala,aidanayala1653@gmail.com,1-730-790-4442,1999/01/08,M,U,$2y$10$54/HMen7aUmauNMLjzkA7uMCW93pccpB9nuB0FgTdubsKJbDGkfqe,2022/12/14 00:00:00,0,2022/12/14 00:00:00
415,Kitra Greer,kitragreer@gmail.com,1-211-124-8742,1953/03/22,F,U,$2y$10$54/HMen7aUmauNMLjzkA7uMCW93pccpB9nuB0FgTdubsKJbDGkfqe,2022/12/14 00:00:00,0,2022/12/14 00:00:00
416,Melanie Barry,melaniebarry@gmail.com,703-7843,1973/10/01,F,U,$2y$10$54/HMen7aUmauNMLjzkA7uMCW93pccpB9nuB0FgTdubsKJbDGkfqe,2022/12/14 00:00:00,0,2022/12/14 00:00:00
417,Karly Glover,karlyglover@gmail.com,1-535-858-7355,1951/07/22,M,U,$2y$10$54/HMen7aUmauNMLjzkA7uMCW93pccpB9nuB0FgTdubsKJbDGkfqe,2022/12/14 00:00:00,0,2022/12/14 00:00:00
418,Rowan Noble,rowannoble@gmail.com,732-3076,1934/03/07,F,U,$2y$10$54/HMen7aUmauNMLjzkA7uMCW93pccpB9nuB0FgTdubsKJbDGkfqe,2022/12/14 00:00:00,0,2022/12/14 00:00:00
419,Daquan Combs,daquancombs@gmail.com,1-232-614-0784,1928/04/18,M,U,$2y$10$54/HMen7aUmauNMLjzkA7uMCW93pccpB9nuB0FgTdubsKJbDGkfqe,2022/12/14 00:00:00,0,2022/12/14 00:00:00
420,Hope Burnett,hopeburnett@gmail.com,830-2173,1965/11/05,M,U,$2y$10$54/HMen7aUmauNMLjzkA7uMCW93pccpB9nuB0FgTdubsKJbDGkfqe,2022/12/14 00:00:00,0,2022/12/14 00:00:00
421,Xanthus Baird,xanthusbaird@gmail.com,558-1713,1930/04/30,F,U,$2y$10$54/HMen7aUmauNMLjzkA7uMCW93pccpB9nuB0FgTdubsKJbDGkfqe,2022/12/14 00:00:00,0,2022/12/14 00:00:00
422,Rahim Raymond,rahimraymond@gmail.com,1-382-818-1187,1970/09/17,M,U,$2y$10$54/HMen7aUmauNMLjzkA7uMCW93pccpB9nuB0FgTdubsKJbDGkfqe,2022/12/14 00:00:00,0,2022/12/14 00:00:00
423,Germaine Johns,germainejohns1700@gmail.com,1-685-623-3057,1985/01/23,M,U,$2y$10$54/HMen7aUmauNMLjzkA7uMCW93pccpB9nuB0FgTdubsKJbDGkfqe,2022/12/14 00:00:00,0,2022/12/14 00:00:00
424,Miriam Noble,miriamnoble@gmail.com,418-3385,1927/10/27,M,U,$2y$10$54/HMen7aUmauNMLjzkA7uMCW93pccpB9nuB0FgTdubsKJbDGkfqe,2022/12/14 00:00:00,0,2022/12/14 00:00:00
425,Bo Lindsey,bolindsey@gmail.com,378-9433,1968/08/04,N,U,$2y$10$54/HMen7aUmauNMLjzkA7uMCW93pccpB9nuB0FgTdubsKJbDGkfqe,2022/12/14 00:00:00,0,2022/12/14 00:00:00
426,Merrill Horn,merrillhorn256@gmail.com,1-556-871-6366,1994/11/28,M,U,$2y$10$54/HMen7aUmauNMLjzkA7uMCW93pccpB9nuB0FgTdubsKJbDGkfqe,2022/12/14 00:00:00,0,2022/12/14 00:00:00
427,Gregory Hatfield,gregoryhatfield@gmail.com,1-589-168-2176,1974/11/27,F,U,$2y$10$54/HMen7aUmauNMLjzkA7uMCW93pccpB9nuB0FgTdubsKJbDGkfqe,2022/12/14 00:00:00,0,2022/12/14 00:00:00
428,Mikayla Davidson,mikayladavidson@gmail.com,982-5897,1984/09/28,M,U,$2y$10$54/HMen7aUmauNMLjzkA7uMCW93pccpB9nuB0FgTdubsKJbDGkfqe,2022/12/14 00:00:00,0,2022/12/14 00:00:00
429,Brandon Harper,brandonharper@gmail.com,677-4148,1932/05/19,M,U,$2y$10$54/HMen7aUmauNMLjzkA7uMCW93pccpB9nuB0FgTdubsKJbDGkfqe,2022/12/14 00:00:00,0,2022/12/14 00:00:00
430,Abdul Langley,abdullangley4145@gmail.com,1-588-753-6255,1954/08/25,M,U,$2y$10$54/HMen7aUmauNMLjzkA7uMCW93pccpB9nuB0FgTdubsKJbDGkfqe,2022/12/14 00:00:00,0,2022/12/14 00:00:00
431,Guy Padilla,guypadilla2239@gmail.com,1-342-454-1684,1983/04/13,M,U,$2y$10$54/HMen7aUmauNMLjzkA7uMCW93pccpB9nuB0FgTdubsKJbDGkfqe,2022/12/14 00:00:00,0,2022/12/14 00:00:00
432,Hyacinth Bowman,hyacinthbowman@gmail.com,1-863-422-8250,1925/03/28,F,U,$2y$10$54/HMen7aUmauNMLjzkA7uMCW93pccpB9nuB0FgTdubsKJbDGkfqe,2022/12/14 00:00:00,0,2022/12/14 00:00:00
433,Ava Conrad,avaconrad@gmail.com,1-253-124-8880,1991/03/13,F,U,$2y$10$54/HMen7aUmauNMLjzkA7uMCW93pccpB9nuB0FgTdubsKJbDGkfqe,2022/12/14 00:00:00,0,2022/12/14 00:00:00
434,Ebony Holder,ebonyholder@gmail.com,416-2842,1998/06/27,M,U,$2y$10$54/HMen7aUmauNMLjzkA7uMCW93pccpB9nuB0FgTdubsKJbDGkfqe,2022/12/14 00:00:00,0,2022/12/14 00:00:00
435,Nolan Hall,nolanhall3095@gmail.com,372-5311,1966/09/22,F,U,$2y$10$54/HMen7aUmauNMLjzkA7uMCW93pccpB9nuB0FgTdubsKJbDGkfqe,2022/12/14 00:00:00,0,2022/12/14 00:00:00
436,Cameron Stevenson,cameronstevenson@gmail.com,1-113-510-2766,1978/12/20,M,U,$2y$10$54/HMen7aUmauNMLjzkA7uMCW93pccpB9nuB0FgTdubsKJbDGkfqe,2022/12/14 00:00:00,0,2022/12/14 00:00:00
437,Colette Murray,colettemurray@gmail.com,728-5176,1999/04/09,M,U,$2y$10$54/HMen7aUmauNMLjzkA7uMCW93pccpB9nuB0FgTdubsKJbDGkfqe,2022/12/14 00:00:00,0,2022/12/14 00:00:00
438,Haviva Rowland,havivarowland244@gmail.com,518-7314,1928/09/09,F,U,$2y$10$54/HMen7aUmauNMLjzkA7uMCW93pccpB9nuB0FgTdubsKJbDGkfqe,2022/12/14 00:00:00,0,2022/12/14 00:00:00
439,Kasper Doyle,kasperdoyle@gmail.com,868-2580,2005/02/25,M,U,$2y$10$54/HMen7aUmauNMLjzkA7uMCW93pccpB9nuB0FgTdubsKJbDGkfqe,2022/12/14 00:00:00,0,2022/12/14 00:00:00
440,Neil King,neilking1499@gmail.com,1-409-440-6334,1997/01/03,M,U,$2y$10$54/HMen7aUmauNMLjzkA7uMCW93pccpB9nuB0FgTdubsKJbDGkfqe,2022/12/14 00:00:00,0,2022/12/14 00:00:00
441,Vielka Travis,vielkatravis@gmail.com,1-709-578-1648,1944/01/15,M,U,$2y$10$54/HMen7aUmauNMLjzkA7uMCW93pccpB9nuB0FgTdubsKJbDGkfqe,2022/12/14 00:00:00,0,2022/12/14 00:00:00
442,Jaquelyn Morales,jaquelynmorales8632@gmail.com,1-647-246-2341,1977/05/19,N,U,$2y$10$54/HMen7aUmauNMLjzkA7uMCW93pccpB9nuB0FgTdubsKJbDGkfqe,2022/12/14 00:00:00,0,2022/12/14 00:00:00
443,Ginger Willis,gingerwillis@gmail.com,403-2455,2010/05/08,M,U,$2y$10$54/HMen7aUmauNMLjzkA7uMCW93pccpB9nuB0FgTdubsKJbDGkfqe,2022/12/14 00:00:00,0,2022/12/14 00:00:00
444,Dominic Jarvis,dominicjarvis1115@gmail.com,442-4760,1925/07/28,F,U,$2y$10$54/HMen7aUmauNMLjzkA7uMCW93pccpB9nuB0FgTdubsKJbDGkfqe,2022/12/14 00:00:00,0,2022/12/14 00:00:00
445,Destiny Newton,destinynewton9808@gmail.com,843-4867,2012/07/12,M,U,$2y$10$54/HMen7aUmauNMLjzkA7uMCW93pccpB9nuB0FgTdubsKJbDGkfqe,2022/12/14 00:00:00,0,2022/12/14 00:00:00
446,Chaim Dejesus,chaimdejesus4802@gmail.com,894-8295,2002/08/24,M,U,$2y$10$54/HMen7aUmauNMLjzkA7uMCW93pccpB9nuB0FgTdubsKJbDGkfqe,2022/12/14 00:00:00,0,2022/12/14 00:00:00
447,Alana Perez,alanaperez@gmail.com,1-859-822-2683,1979/03/20,M,U,$2y$10$54/HMen7aUmauNMLjzkA7uMCW93pccpB9nuB0FgTdubsKJbDGkfqe,2022/12/14 00:00:00,0,2022/12/14 00:00:00
448,Alyssa Clay,alyssaclay@gmail.com,818-3782,1996/08/04,M,U,$2y$10$54/HMen7aUmauNMLjzkA7uMCW93pccpB9nuB0FgTdubsKJbDGkfqe,2022/12/14 00:00:00,0,2022/12/14 00:00:00
449,Gannon Stephens,gannonstephens@gmail.com,238-0651,1928/11/28,F,U,$2y$10$54/HMen7aUmauNMLjzkA7uMCW93pccpB9nuB0FgTdubsKJbDGkfqe,2022/12/14 00:00:00,0,2022/12/14 00:00:00
450,Cathleen Hatfield,cathleenhatfield@gmail.com,1-275-544-6578,1945/07/17,F,U,$2y$10$54/HMen7aUmauNMLjzkA7uMCW93pccpB9nuB0FgTdubsKJbDGkfqe,2022/12/14 00:00:00,0,2022/12/14 00:00:00
451,Orson Lynch,orsonlynch1034@gmail.com,577-7329,2004/08/11,M,U,$2y$10$54/HMen7aUmauNMLjzkA7uMCW93pccpB9nuB0FgTdubsKJbDGkfqe,2022/12/14 00:00:00,0,2022/12/14 00:00:00
452,Len Mcmillan,lenmcmillan5664@gmail.com,379-4741,1947/07/22,F,U,$2y$10$54/HMen7aUmauNMLjzkA7uMCW93pccpB9nuB0FgTdubsKJbDGkfqe,2022/12/14 00:00:00,0,2022/12/14 00:00:00
453,Elaine Harper,elaineharper@gmail.com,236-6404,1925/02/24,M,U,$2y$10$54/HMen7aUmauNMLjzkA7uMCW93pccpB9nuB0FgTdubsKJbDGkfqe,2022/12/14 00:00:00,0,2022/12/14 00:00:00
454,Marshall Walker,marshallwalker@gmail.com,636-5347,2011/01/04,M,U,$2y$10$54/HMen7aUmauNMLjzkA7uMCW93pccpB9nuB0FgTdubsKJbDGkfqe,2022/12/14 00:00:00,0,2022/12/14 00:00:00
455,Lamar Emerson,lamaremerson1060@gmail.com,385-8475,1939/07/02,F,U,$2y$10$54/HMen7aUmauNMLjzkA7uMCW93pccpB9nuB0FgTdubsKJbDGkfqe,2022/12/14 00:00:00,0,2022/12/14 00:00:00
456,Francesca Delacruz,francescadelacruz8396@gmail.com,1-425-822-4325,1962/05/03,M,U,$2y$10$54/HMen7aUmauNMLjzkA7uMCW93pccpB9nuB0FgTdubsKJbDGkfqe,2022/12/14 00:00:00,0,2022/12/14 00:00:00
457,Camden Mcintosh,camdenmcintosh1329@gmail.com,737-6414,1962/11/24,M,U,$2y$10$54/HMen7aUmauNMLjzkA7uMCW93pccpB9nuB0FgTdubsKJbDGkfqe,2022/12/14 00:00:00,0,2022/12/14 00:00:00
458,Jescie Goodwin,jesciegoodwin3290@gmail.com,1-857-432-8725,1925/06/10,M,U,$2y$10$54/HMen7aUmauNMLjzkA7uMCW93pccpB9nuB0FgTdubsKJbDGkfqe,2022/12/14 00:00:00,0,2022/12/14 00:00:00
459,Isabella Pratt,isabellapratt4609@gmail.com,864-8761,1986/10/27,N,U,$2y$10$54/HMen7aUmauNMLjzkA7uMCW93pccpB9nuB0FgTdubsKJbDGkfqe,2022/12/14 00:00:00,0,2022/12/14 00:00:00
460,Faith Tillman,faithtillman@gmail.com,353-1757,1960/04/09,M,U,$2y$10$54/HMen7aUmauNMLjzkA7uMCW93pccpB9nuB0FgTdubsKJbDGkfqe,2022/12/14 00:00:00,0,2022/12/14 00:00:00
461,Teagan Dickerson,teagandickerson5809@gmail.com,1-780-299-1958,1968/12/19,F,U,$2y$10$54/HMen7aUmauNMLjzkA7uMCW93pccpB9nuB0FgTdubsKJbDGkfqe,2022/12/14 00:00:00,0,2022/12/14 00:00:00
462,Jescie Ellis,jescieellis@gmail.com,1-526-443-5484,1981/06/14,M,U,$2y$10$54/HMen7aUmauNMLjzkA7uMCW93pccpB9nuB0FgTdubsKJbDGkfqe,2022/12/14 00:00:00,0,2022/12/14 00:00:00
463,Phoebe Villarreal,phoebevillarreal327@gmail.com,324-7369,1945/12/28,M,U,$2y$10$54/HMen7aUmauNMLjzkA7uMCW93pccpB9nuB0FgTdubsKJbDGkfqe,2022/12/14 00:00:00,0,2022/12/14 00:00:00
464,Emerald Anderson,emeraldanderson@gmail.com,1-971-307-5300,1920/06/18,M,U,$2y$10$54/HMen7aUmauNMLjzkA7uMCW93pccpB9nuB0FgTdubsKJbDGkfqe,2022/12/14 00:00:00,0,2022/12/14 00:00:00
465,Quail Pollard,quailpollard@gmail.com,288-1147,1921/10/05,M,U,$2y$10$54/HMen7aUmauNMLjzkA7uMCW93pccpB9nuB0FgTdubsKJbDGkfqe,2022/12/14 00:00:00,0,2022/12/14 00:00:00
466,Nehru Jacobson,nehrujacobson142@gmail.com,1-877-962-3473,1952/12/27,F,U,$2y$10$54/HMen7aUmauNMLjzkA7uMCW93pccpB9nuB0FgTdubsKJbDGkfqe,2022/12/14 00:00:00,0,2022/12/14 00:00:00
467,Hyacinth Rodgers,hyacinthrodgers2836@gmail.com,1-764-354-2951,1941/07/27,F,U,$2y$10$54/HMen7aUmauNMLjzkA7uMCW93pccpB9nuB0FgTdubsKJbDGkfqe,2022/12/14 00:00:00,0,2022/12/14 00:00:00
468,Abel Barrett,abelbarrett8829@gmail.com,1-841-637-2092,1952/04/21,M,U,$2y$10$54/HMen7aUmauNMLjzkA7uMCW93pccpB9nuB0FgTdubsKJbDGkfqe,2022/12/14 00:00:00,0,2022/12/14 00:00:00
469,Xander Reyes,xanderreyes2899@gmail.com,1-204-490-2787,1983/11/03,F,U,$2y$10$54/HMen7aUmauNMLjzkA7uMCW93pccpB9nuB0FgTdubsKJbDGkfqe,2022/12/14 00:00:00,0,2022/12/14 00:00:00
470,Kyra Shannon,kyrashannon@gmail.com,456-7213,1993/11/13,M,U,$2y$10$54/HMen7aUmauNMLjzkA7uMCW93pccpB9nuB0FgTdubsKJbDGkfqe,2022/12/14 00:00:00,0,2022/12/14 00:00:00
471,Gay Spencer,gayspencer4547@gmail.com,1-662-687-4998,1999/10/07,M,U,$2y$10$54/HMen7aUmauNMLjzkA7uMCW93pccpB9nuB0FgTdubsKJbDGkfqe,2022/12/14 00:00:00,0,2022/12/14 00:00:00
472,Branden Hurley,brandenhurley9425@gmail.com,284-2518,1995/01/06,F,U,$2y$10$54/HMen7aUmauNMLjzkA7uMCW93pccpB9nuB0FgTdubsKJbDGkfqe,2022/12/14 00:00:00,0,2022/12/14 00:00:00
473,Quynn Haynes,quynnhaynes@gmail.com,826-5527,2004/06/03,M,U,$2y$10$54/HMen7aUmauNMLjzkA7uMCW93pccpB9nuB0FgTdubsKJbDGkfqe,2022/12/14 00:00:00,0,2022/12/14 00:00:00
474,Hilda Flores,hildaflores3787@gmail.com,291-3669,2001/07/18,M,U,$2y$10$54/HMen7aUmauNMLjzkA7uMCW93pccpB9nuB0FgTdubsKJbDGkfqe,2022/12/14 00:00:00,0,2022/12/14 00:00:00
475,Quinlan Patrick,quinlanpatrick9633@gmail.com,1-184-832-2461,1937/07/07,M,U,$2y$10$54/HMen7aUmauNMLjzkA7uMCW93pccpB9nuB0FgTdubsKJbDGkfqe,2022/12/14 00:00:00,0,2022/12/14 00:00:00
476,Julian Harmon,julianharmon@gmail.com,242-2967,1978/11/19,N,U,$2y$10$54/HMen7aUmauNMLjzkA7uMCW93pccpB9nuB0FgTdubsKJbDGkfqe,2022/12/14 00:00:00,0,2022/12/14 00:00:00
477,Xander Bender,xanderbender@gmail.com,1-158-528-5643,1996/11/25,M,U,$2y$10$54/HMen7aUmauNMLjzkA7uMCW93pccpB9nuB0FgTdubsKJbDGkfqe,2022/12/14 00:00:00,0,2022/12/14 00:00:00
478,Serina Fuentes,serinafuentes@gmail.com,1-381-631-8206,1976/11/21,F,U,$2y$10$54/HMen7aUmauNMLjzkA7uMCW93pccpB9nuB0FgTdubsKJbDGkfqe,2022/12/14 00:00:00,0,2022/12/14 00:00:00
479,Gregory Cantu,gregorycantu7430@gmail.com,471-8686,1954/04/18,M,U,$2y$10$54/HMen7aUmauNMLjzkA7uMCW93pccpB9nuB0FgTdubsKJbDGkfqe,2022/12/14 00:00:00,0,2022/12/14 00:00:00
480,Anne Lewis,annelewis@gmail.com,741-7241,1921/08/25,M,U,$2y$10$54/HMen7aUmauNMLjzkA7uMCW93pccpB9nuB0FgTdubsKJbDGkfqe,2022/12/14 00:00:00,0,2022/12/14 00:00:00
481,Allen Rodriguez,allenrodriguez@gmail.com,793-8308,1926/01/22,M,U,$2y$10$54/HMen7aUmauNMLjzkA7uMCW93pccpB9nuB0FgTdubsKJbDGkfqe,2022/12/14 00:00:00,0,2022/12/14 00:00:00
482,Holmes Huff,holmeshuff@gmail.com,254-7891,1953/01/23,M,U,$2y$10$54/HMen7aUmauNMLjzkA7uMCW93pccpB9nuB0FgTdubsKJbDGkfqe,2022/12/14 00:00:00,0,2022/12/14 00:00:00
483,Mechelle Hamilton,mechellehamilton@gmail.com,1-898-212-7794,1956/03/07,F,U,$2y$10$54/HMen7aUmauNMLjzkA7uMCW93pccpB9nuB0FgTdubsKJbDGkfqe,2022/12/14 00:00:00,0,2022/12/14 00:00:00
484,Brian Downs,briandowns@gmail.com,808-1777,1933/07/29,F,U,$2y$10$54/HMen7aUmauNMLjzkA7uMCW93pccpB9nuB0FgTdubsKJbDGkfqe,2022/12/14 00:00:00,0,2022/12/14 00:00:00
485,Tanek Massey,tanekmassey9088@gmail.com,951-3618,1996/04/16,M,U,$2y$10$54/HMen7aUmauNMLjzkA7uMCW93pccpB9nuB0FgTdubsKJbDGkfqe,2022/12/14 00:00:00,0,2022/12/14 00:00:00
486,Fitzgerald Gates,fitzgeraldgates2719@gmail.com,1-761-904-6373,1990/01/12,F,U,$2y$10$54/HMen7aUmauNMLjzkA7uMCW93pccpB9nuB0FgTdubsKJbDGkfqe,2022/12/14 00:00:00,0,2022/12/14 00:00:00
487,Wyoming Hicks,wyominghicks5619@gmail.com,212-4813,2013/04/30,M,U,$2y$10$54/HMen7aUmauNMLjzkA7uMCW93pccpB9nuB0FgTdubsKJbDGkfqe,2022/12/14 00:00:00,0,2022/12/14 00:00:00
488,Gemma Davenport,gemmadavenport@gmail.com,1-426-666-8836,1936/06/08,M,U,$2y$10$54/HMen7aUmauNMLjzkA7uMCW93pccpB9nuB0FgTdubsKJbDGkfqe,2022/12/14 00:00:00,0,2022/12/14 00:00:00
489,Imogene Ayers,imogeneayers@gmail.com,1-818-257-4611,1999/01/25,F,U,$2y$10$54/HMen7aUmauNMLjzkA7uMCW93pccpB9nuB0FgTdubsKJbDGkfqe,2022/12/14 00:00:00,0,2022/12/14 00:00:00
490,Rose Williams,rosewilliams@gmail.com,1-885-620-1387,2001/05/24,M,U,$2y$10$54/HMen7aUmauNMLjzkA7uMCW93pccpB9nuB0FgTdubsKJbDGkfqe,2022/12/14 00:00:00,0,2022/12/14 00:00:00
491,Forrest Hobbs,forresthobbs@gmail.com,648-8517,1941/11/23,M,U,$2y$10$54/HMen7aUmauNMLjzkA7uMCW93pccpB9nuB0FgTdubsKJbDGkfqe,2022/12/14 00:00:00,0,2022/12/14 00:00:00
492,Whilemina Hansen,whileminahansen5999@gmail.com,300-4871,1946/01/09,M,U,$2y$10$54/HMen7aUmauNMLjzkA7uMCW93pccpB9nuB0FgTdubsKJbDGkfqe,2022/12/14 00:00:00,0,2022/12/14 00:00:00
493,Nathan Valentine,nathanvalentine@gmail.com,1-786-414-9275,1981/06/08,N,U,$2y$10$54/HMen7aUmauNMLjzkA7uMCW93pccpB9nuB0FgTdubsKJbDGkfqe,2022/12/14 00:00:00,0,2022/12/14 00:00:00
494,Salvador Carney,salvadorcarney@gmail.com,246-6995,1961/11/05,M,U,$2y$10$54/HMen7aUmauNMLjzkA7uMCW93pccpB9nuB0FgTdubsKJbDGkfqe,2022/12/14 00:00:00,0,2022/12/14 00:00:00
495,Doris Romero,dorisromero@gmail.com,527-2307,1990/05/26,F,U,$2y$10$54/HMen7aUmauNMLjzkA7uMCW93pccpB9nuB0FgTdubsKJbDGkfqe,2022/12/14 00:00:00,0,2022/12/14 00:00:00
496,Colette Duncan,coletteduncan7526@gmail.com,1-244-895-0317,1954/07/16,M,U,$2y$10$54/HMen7aUmauNMLjzkA7uMCW93pccpB9nuB0FgTdubsKJbDGkfqe,2022/12/14 00:00:00,0,2022/12/14 00:00:00
497,Amery Campos,amerycampos@gmail.com,932-5629,1924/09/11,M,U,$2y$10$54/HMen7aUmauNMLjzkA7uMCW93pccpB9nuB0FgTdubsKJbDGkfqe,2022/12/14 00:00:00,0,2022/12/14 00:00:00
498,Dale Valentine,dalevalentine@gmail.com,1-773-334-4243,1972/02/13,M,U,$2y$10$54/HMen7aUmauNMLjzkA7uMCW93pccpB9nuB0FgTdubsKJbDGkfqe,2022/12/14 00:00:00,0,2022/12/14 00:00:00
499,Pandora Vasquez,pandoravasquez@gmail.com,1-813-172-7107,1996/03/11,M,U,$2y$10$54/HMen7aUmauNMLjzkA7uMCW93pccpB9nuB0FgTdubsKJbDGkfqe,2022/12/14 00:00:00,0,2022/12/14 00:00:00
500,Kessie Hancock,kessiehancock1720@gmail.com,1-458-714-1610,2011/08/05,F,U,$2y$10$54/HMen7aUmauNMLjzkA7uMCW93pccpB9nuB0FgTdubsKJbDGkfqe,2022/12/14 00:00:00,0,2022/12/14 00:00:00
501,Kenly Krisaguino Santoso,kenlykrisaguinosantoso10@gmail.com,87731335955,2003/08/10,M,A,$2y$10$wDB7Dvlnkh7D2.q92j74l.jZmb9xIeqJ.bswTkOJcX91aAfskfXea,2022/12/14 09:28:37,4,2022/12/14 09:36:06
502,GameHubID,central.gamehubid@gmail.com,0,1920/01/01,N,A,$2y$10$ddXJhuBOWoRRXvEdDy0aO.7R4VuSRWv17uXZtpMb9kykH1s.dRjh2,2022/12/14 12:00:54,4,2022/12/15 02:54:54
503,haizynk,gg@a,0uo901829018902,0212-12-21,N,U,$2y$10$ldKCuW6SaKGigI8s1JqOpeOYWXIzncS9O2yEOXhwYrdO7kS2gRhDS,2022/12/14 15:31:45,0,2022/12/14 15:31:45
504,admin,mihoyo.official@mihoyo.com,admin,0001-02-28,M,U,$2y$10$6WuKYBqiCE.fsh7Yu35ZZ.4MPFA7rrQ1fU5lMX3RZZj2.YeSpSAXy,2022/12/14 15:33:41,0,2022/12/14 15:33:41
505,minyak,minyakapayak@yahaha.com,6969696969,1969/06/09,N,U,$2y$10$cOx2Q2WuY5oA8xpCcaDKUu5m91im2bFsazv070CkvNs8zNxf25YSq,2022/12/14 16:33:18,0,2022/12/14 16:33:18
506,wrhgywrhsdfhgwrh,dsgfsdgsrghwrhgwrhwrhwrhwrhwr,3.25246E+14,2022/12/07,N,U,$2y$10$MzB8jlmbcnrsldGoP4D1l.XEqDALfjMmg/Eav6hE.1qdZBy3m395u,2022/12/14 16:38:22,0,2022/12/14 16:38:22
507,fasfagdsgbsfngdngfm,rgwrehrhe4j46k57k7,1.51353E+14,2022/12/15,N,U,$2y$10$lDKZ4AFE1205TQmjCRzSlOS1M53qaB21pB/jQ1xtzej.6QKHe6FNy,2022/12/14 16:38:49,0,2022/12/14 16:38:49
508,46h4e65hqa45hqa,46h4e65hqa45hqa,46h4e65hqa45hqa,2022/11/30,N,U,$2y$10$e1XUEQmQGSjgb3wWHzoBMeTL7b4jiKCD2bK3MEG8S7Pl3gfLpolsy,2022/12/14 16:48:33,0,2022/12/14 16:48:33
509,Evant,21k10010@unika.ac.id,12334445555,2003/11/06,M,U,$2y$10$/wPnp4c8EOmxISnL4aFMAeuS1TsQd.58WDOS64KWCm6PLzRgMcMZ.,2022/12/15 01:09:43,0,2022/12/15 01:09:43
